product_id,image_filename,full_image_path,original_url
B09QL3NQHX,B09QL3NQHX_allsrp_img1.jpg,/Users/amankumar/Desktop/Aims/final data/images_all_scraped/B09QL3NQHX_allsrp_img1.jpg,https://m.media-amazon.com/images/I/71SuWxoMewL._SX466_.jpg
B09QL3NQHX,B09QL3NQHX_allsrp_img2.jpg,/Users/amankumar/Desktop/Aims/final data/images_all_scraped/B09QL3NQHX_allsrp_img2.jpg,https://m.media-amazon.com/images/I/71H0gjLshjL._SL1500_.jpg
B09QL3NQHX,B09QL3NQHX_allsrp_img3.jpg,/Users/amankumar/Desktop/Aims/final data/images_all_scraped/B09QL3NQHX_allsrp_img3.jpg,https://m.media-amazon.com/images/I/61UMXr-+bEL._SY450_.jpg
B09QL3NQHX,B09QL3NQHX_allsrp_img4.jpg,/Users/amankumar/Desktop/Aims/final data/images_all_scraped/B09QL3NQHX_allsrp_img4.jpg,https://m.media-amazon.com/images/I/61XvYOrqVeL._SY355_.jpg
B09QL3NQHX,B09QL3NQHX_allsrp_img5.jpg,/Users/amankumar/Desktop/Aims/final data/images_all_scraped/B09QL3NQHX_allsrp_img5.jpg,https://m.media-amazon.com/images/I/4167GgWVrWL._SS40_.jpg
B09QL3NQHX,B09QL3NQHX_allsrp_img6.jpg,/Users/amankumar/Desktop/Aims/final data/images_all_scraped/B09QL3NQHX_allsrp_img6.jpg,https://m.media-amazon.com/images/I/61-KLUL0mJL._SX679_.jpg
B09QL3NQHX,B09QL3NQHX_allsrp_img7.jpg,/Users/amankumar/Desktop/Aims/final data/images_all_scraped/B09QL3NQHX_allsrp_img7.jpg,https://m.media-amazon.com/images/I/41pcgq-l9ML._SS40_.jpg
B07PR1CL3S,B07PR1CL3S_allsrp_img1.jpg,/Users/amankumar/Desktop/Aims/final data/images_all_scraped/B07PR1CL3S_allsrp_img1.jpg,https://m.media-amazon.com/images/I/71HTh-leeyL._SX522_.jpg
B07PR1CL3S,B07PR1CL3S_allsrp_img2.jpg,/Users/amankumar/Desktop/Aims/final data/images_all_scraped/B07PR1CL3S_allsrp_img2.jpg,https://m.media-amazon.com/images/I/71RZ3uVtAhL._SY450_.jpg
B07PR1CL3S,B07PR1CL3S_allsrp_img3.jpg,/Users/amankumar/Desktop/Aims/final data/images_all_scraped/B07PR1CL3S_allsrp_img3.jpg,https://m.media-amazon.com/images/I/718BamtQcDL._SY355_.jpg
B07PR1CL3S,B07PR1CL3S_allsrp_img4.jpg,/Users/amankumar/Desktop/Aims/final data/images_all_scraped/B07PR1CL3S_allsrp_img4.jpg,https://m.media-amazon.com/images/I/71eQ0cHn5HL._SX522_.jpg
B07PR1CL3S,B07PR1CL3S_allsrp_img5.jpg,/Users/amankumar/Desktop/Aims/final data/images_all_scraped/B07PR1CL3S_allsrp_img5.jpg,https://m.media-amazon.com/images/I/61C3AquS9FL._SY355_.jpg
B07PR1CL3S,B07PR1CL3S_allsrp_img6.jpg,/Users/amankumar/Desktop/Aims/final data/images_all_scraped/B07PR1CL3S_allsrp_img6.jpg,https://m.media-amazon.com/images/I/41C+h6gkRJL._SS40_.jpg
B07PR1CL3S,B07PR1CL3S_allsrp_img7.jpg,/Users/amankumar/Desktop/Aims/final data/images_all_scraped/B07PR1CL3S_allsrp_img7.jpg,https://m.media-amazon.com/images/I/31ztpzzaDSL._SS40_.jpg
B09R24JBYV,B09R24JBYV_allsrp_img1.jpg,/Users/amankumar/Desktop/Aims/final data/images_all_scraped/B09R24JBYV_allsrp_img1.jpg,https://m.media-amazon.com/images/I/71JHURKGUFL._SX425_.jpg
B09R24JBYV,B09R24JBYV_allsrp_img2.jpg,/Users/amankumar/Desktop/Aims/final data/images_all_scraped/B09R24JBYV_allsrp_img2.jpg,https://m.media-amazon.com/images/I/61A6bLrcP6L._SY355_.jpg
B09R24JBYV,B09R24JBYV_allsrp_img3.jpg,/Users/amankumar/Desktop/Aims/final data/images_all_scraped/B09R24JBYV_allsrp_img3.jpg,https://m.media-amazon.com/images/I/61Y+UkIGVKL._SX425_.jpg
B09R24JBYV,B09R24JBYV_allsrp_img4.jpg,/Users/amankumar/Desktop/Aims/final data/images_all_scraped/B09R24JBYV_allsrp_img4.jpg,https://m.media-amazon.com/images/I/61h+2nZNCoL._SL1500_.jpg
B09R24JBYV,B09R24JBYV_allsrp_img5.jpg,/Users/amankumar/Desktop/Aims/final data/images_all_scraped/B09R24JBYV_allsrp_img5.jpg,https://m.media-amazon.com/images/I/41C1ujzbaQL.jpg
B09R24JBYV,B09R24JBYV_allsrp_img6.jpg,/Users/amankumar/Desktop/Aims/final data/images_all_scraped/B09R24JBYV_allsrp_img6.jpg,https://m.media-amazon.com/images/I/31mJHab1UuL._SS40_.jpg
B09R24JBYV,B09R24JBYV_allsrp_img7.jpg,/Users/amankumar/Desktop/Aims/final data/images_all_scraped/B09R24JBYV_allsrp_img7.jpg,https://m.media-amazon.com/images/I/316aSEuJIaL._SS40_.jpg
B0DGTSTQWL,B0DGTSTQWL_allsrp_img1.jpg,/Users/amankumar/Desktop/Aims/final data/images_all_scraped/B0DGTSTQWL_allsrp_img1.jpg,https://m.media-amazon.com/images/I/71GTsfNYthL._SX466_.jpg
B0DGTSTQWL,B0DGTSTQWL_allsrp_img2.jpg,/Users/amankumar/Desktop/Aims/final data/images_all_scraped/B0DGTSTQWL_allsrp_img2.jpg,https://m.media-amazon.com/images/I/71L70bAl2KL._SY355_.jpg
B0DGTSTQWL,B0DGTSTQWL_allsrp_img3.jpg,/Users/amankumar/Desktop/Aims/final data/images_all_scraped/B0DGTSTQWL_allsrp_img3.jpg,https://m.media-amazon.com/images/I/71IFr-+WViL._SX522_.jpg
B0DGTSTQWL,B0DGTSTQWL_allsrp_img4.jpg,/Users/amankumar/Desktop/Aims/final data/images_all_scraped/B0DGTSTQWL_allsrp_img4.jpg,https://m.media-amazon.com/images/I/616aYM2vQZL._SL1500_.jpg
B0DGTSTQWL,B0DGTSTQWL_allsrp_img5.jpg,/Users/amankumar/Desktop/Aims/final data/images_all_scraped/B0DGTSTQWL_allsrp_img5.jpg,https://m.media-amazon.com/images/I/41O6lkAlJIL.jpg
B0DGTSTQWL,B0DGTSTQWL_allsrp_img6.jpg,/Users/amankumar/Desktop/Aims/final data/images_all_scraped/B0DGTSTQWL_allsrp_img6.jpg,https://m.media-amazon.com/images/I/41oW1cDGVlL._SS40_.jpg
B0DGTSTQWL,B0DGTSTQWL_allsrp_img7.jpg,/Users/amankumar/Desktop/Aims/final data/images_all_scraped/B0DGTSTQWL_allsrp_img7.jpg,https://m.media-amazon.com/images/I/41kZ8-+Fr+L._SS40_.jpg
B00Y4ORQ46,B00Y4ORQ46_allsrp_img1.jpg,/Users/amankumar/Desktop/Aims/final data/images_all_scraped/B00Y4ORQ46_allsrp_img1.jpg,https://m.media-amazon.com/images/I/61R3NvbLkIL._SL1500_.jpg
B00Y4ORQ46,B00Y4ORQ46_allsrp_img2.jpg,/Users/amankumar/Desktop/Aims/final data/images_all_scraped/B00Y4ORQ46_allsrp_img2.jpg,https://m.media-amazon.com/images/I/51lXCT6RI4L._SS40_.jpg
B00Y4ORQ46,B00Y4ORQ46_allsrp_img3.jpg,/Users/amankumar/Desktop/Aims/final data/images_all_scraped/B00Y4ORQ46_allsrp_img3.jpg,https://m.media-amazon.com/images/I/61HBpQuLjVL._SX466_.jpg
B00Y4ORQ46,B00Y4ORQ46_allsrp_img4.jpg,/Users/amankumar/Desktop/Aims/final data/images_all_scraped/B00Y4ORQ46_allsrp_img4.jpg,https://m.media-amazon.com/images/I/71xlKcqoEwL._SX522_.jpg
B00Y4ORQ46,B00Y4ORQ46_allsrp_img5.jpg,/Users/amankumar/Desktop/Aims/final data/images_all_scraped/B00Y4ORQ46_allsrp_img5.jpg,https://m.media-amazon.com/images/I/417ygiuEviL._SS40_.jpg
B00Y4ORQ46,B00Y4ORQ46_allsrp_img6.jpg,/Users/amankumar/Desktop/Aims/final data/images_all_scraped/B00Y4ORQ46_allsrp_img6.jpg,https://m.media-amazon.com/images/I/41KShSpBaFL.jpg
B00Y4ORQ46,B00Y4ORQ46_allsrp_img7.jpg,/Users/amankumar/Desktop/Aims/final data/images_all_scraped/B00Y4ORQ46_allsrp_img7.jpg,https://m.media-amazon.com/images/I/413vkg7bwzL._SS40_.jpg
B0BS1PRC4L,B0BS1PRC4L_allsrp_img1.jpg,/Users/amankumar/Desktop/Aims/final data/images_all_scraped/B0BS1PRC4L_allsrp_img1.jpg,https://m.media-amazon.com/images/I/41bqlx+PPzL._SX569_.jpg
B0BS1PRC4L,B0BS1PRC4L_allsrp_img2.jpg,/Users/amankumar/Desktop/Aims/final data/images_all_scraped/B0BS1PRC4L_allsrp_img2.jpg,https://m.media-amazon.com/images/I/811UeUfPYdL._SX522_.jpg
B0BS1PRC4L,B0BS1PRC4L_allsrp_img3.jpg,/Users/amankumar/Desktop/Aims/final data/images_all_scraped/B0BS1PRC4L_allsrp_img3.jpg,https://m.media-amazon.com/images/I/31CUmCOSnqL._SS40_.jpg
B0BS1PRC4L,B0BS1PRC4L_allsrp_img4.jpg,/Users/amankumar/Desktop/Aims/final data/images_all_scraped/B0BS1PRC4L_allsrp_img4.jpg,https://m.media-amazon.com/images/I/3172VTUPxjL.jpg
B0BS1PRC4L,B0BS1PRC4L_allsrp_img5.jpg,/Users/amankumar/Desktop/Aims/final data/images_all_scraped/B0BS1PRC4L_allsrp_img5.jpg,https://m.media-amazon.com/images/I/41HbBZjepVL.jpg
B0BS1PRC4L,B0BS1PRC4L_allsrp_img6.jpg,/Users/amankumar/Desktop/Aims/final data/images_all_scraped/B0BS1PRC4L_allsrp_img6.jpg,https://m.media-amazon.com/images/I/71aDAD0t5rL._SX679_.jpg
B0BS1PRC4L,B0BS1PRC4L_allsrp_img7.jpg,/Users/amankumar/Desktop/Aims/final data/images_all_scraped/B0BS1PRC4L_allsrp_img7.jpg,https://m.media-amazon.com/images/I/51Xtx2HpemL._SS40_.jpg
B086671ZSR,B086671ZSR_allsrp_img1.jpg,/Users/amankumar/Desktop/Aims/final data/images_all_scraped/B086671ZSR_allsrp_img1.jpg,https://m.media-amazon.com/images/I/61zKmv+uKBL._SX522_.jpg
B086671ZSR,B086671ZSR_allsrp_img2.jpg,/Users/amankumar/Desktop/Aims/final data/images_all_scraped/B086671ZSR_allsrp_img2.jpg,https://m.media-amazon.com/images/I/516j525JBGL._SX679_.jpg
B086671ZSR,B086671ZSR_allsrp_img3.jpg,/Users/amankumar/Desktop/Aims/final data/images_all_scraped/B086671ZSR_allsrp_img3.jpg,https://m.media-amazon.com/images/I/71InTQKmRyL._SY355_.jpg
B086671ZSR,B086671ZSR_allsrp_img4.jpg,/Users/amankumar/Desktop/Aims/final data/images_all_scraped/B086671ZSR_allsrp_img4.jpg,https://m.media-amazon.com/images/I/41CC96JnW4L._SS40_.jpg
B086671ZSR,B086671ZSR_allsrp_img5.jpg,/Users/amankumar/Desktop/Aims/final data/images_all_scraped/B086671ZSR_allsrp_img5.jpg,https://m.media-amazon.com/images/I/71vDeb1HPPL._SY450_.jpg
B086671ZSR,B086671ZSR_allsrp_img6.jpg,/Users/amankumar/Desktop/Aims/final data/images_all_scraped/B086671ZSR_allsrp_img6.jpg,https://m.media-amazon.com/images/I/714fy0TzNdL._SY355_.jpg
B086671ZSR,B086671ZSR_allsrp_img7.jpg,/Users/amankumar/Desktop/Aims/final data/images_all_scraped/B086671ZSR_allsrp_img7.jpg,https://m.media-amazon.com/images/I/41JcbN5Zs9L._SS40_.jpg
B0DHDDF5J2,B0DHDDF5J2_allsrp_img1.jpg,/Users/amankumar/Desktop/Aims/final data/images_all_scraped/B0DHDDF5J2_allsrp_img1.jpg,https://m.media-amazon.com/images/I/71cr77vEx3L._SX569_.jpg
B0DHDDF5J2,B0DHDDF5J2_allsrp_img2.jpg,/Users/amankumar/Desktop/Aims/final data/images_all_scraped/B0DHDDF5J2_allsrp_img2.jpg,https://m.media-amazon.com/images/I/61xvPqxlqEL._SX425_.jpg
B0DHDDF5J2,B0DHDDF5J2_allsrp_img3.jpg,/Users/amankumar/Desktop/Aims/final data/images_all_scraped/B0DHDDF5J2_allsrp_img3.jpg,https://m.media-amazon.com/images/I/71lK-WCRvdL._SX425_.jpg
B0DHDDF5J2,B0DHDDF5J2_allsrp_img4.jpg,/Users/amankumar/Desktop/Aims/final data/images_all_scraped/B0DHDDF5J2_allsrp_img4.jpg,https://m.media-amazon.com/images/I/717rLNYK-+L._SY355_.jpg
B0DHDDF5J2,B0DHDDF5J2_allsrp_img5.jpg,/Users/amankumar/Desktop/Aims/final data/images_all_scraped/B0DHDDF5J2_allsrp_img5.jpg,https://m.media-amazon.com/images/I/4192vscwlSL._SS40_.jpg
B0DHDDF5J2,B0DHDDF5J2_allsrp_img6.jpg,/Users/amankumar/Desktop/Aims/final data/images_all_scraped/B0DHDDF5J2_allsrp_img6.jpg,https://m.media-amazon.com/images/I/41T9yMU0xlL.jpg
B0DHDDF5J2,B0DHDDF5J2_allsrp_img7.jpg,/Users/amankumar/Desktop/Aims/final data/images_all_scraped/B0DHDDF5J2_allsrp_img7.jpg,https://m.media-amazon.com/images/I/41i111UvTWL._SS40_.jpg
B08667772G,B08667772G_allsrp_img1.jpg,/Users/amankumar/Desktop/Aims/final data/images_all_scraped/B08667772G_allsrp_img1.jpg,https://m.media-amazon.com/images/I/71rtP9TUGdL._SX569_.jpg
B08667772G,B08667772G_allsrp_img2.jpg,/Users/amankumar/Desktop/Aims/final data/images_all_scraped/B08667772G_allsrp_img2.jpg,https://m.media-amazon.com/images/I/71uZcrr+bjL._SY450_.jpg
B08667772G,B08667772G_allsrp_img3.jpg,/Users/amankumar/Desktop/Aims/final data/images_all_scraped/B08667772G_allsrp_img3.jpg,https://m.media-amazon.com/images/I/51qbZ7Cg1DL._SS40_.jpg
B08667772G,B08667772G_allsrp_img4.jpg,/Users/amankumar/Desktop/Aims/final data/images_all_scraped/B08667772G_allsrp_img4.jpg,https://m.media-amazon.com/images/I/61PkIiWt7CL._SX679_.jpg
B08667772G,B08667772G_allsrp_img5.jpg,/Users/amankumar/Desktop/Aims/final data/images_all_scraped/B08667772G_allsrp_img5.jpg,https://m.media-amazon.com/images/I/41PEMilOZ1L._SS40_.jpg
B08667772G,B08667772G_allsrp_img6.jpg,/Users/amankumar/Desktop/Aims/final data/images_all_scraped/B08667772G_allsrp_img6.jpg,https://m.media-amazon.com/images/I/31x-Xz8TkbL._SS40_.jpg
B08667772G,B08667772G_allsrp_img7.jpg,/Users/amankumar/Desktop/Aims/final data/images_all_scraped/B08667772G_allsrp_img7.jpg,https://m.media-amazon.com/images/I/61I-2NFeeVL._SX425_.jpg
B071Z8M4KX,B071Z8M4KX_allsrp_img1.jpg,/Users/amankumar/Desktop/Aims/final data/images_all_scraped/B071Z8M4KX_allsrp_img1.jpg,https://m.media-amazon.com/images/I/61UgSQ9UB2L._SL1500_.jpg
B071Z8M4KX,B071Z8M4KX_allsrp_img2.jpg,/Users/amankumar/Desktop/Aims/final data/images_all_scraped/B071Z8M4KX_allsrp_img2.jpg,https://m.media-amazon.com/images/I/41tyzj-icWL._SS40_.jpg
B071Z8M4KX,B071Z8M4KX_allsrp_img3.jpg,/Users/amankumar/Desktop/Aims/final data/images_all_scraped/B071Z8M4KX_allsrp_img3.jpg,https://m.media-amazon.com/images/I/61sRbJncwbL._SX569_.jpg
B071Z8M4KX,B071Z8M4KX_allsrp_img4.jpg,/Users/amankumar/Desktop/Aims/final data/images_all_scraped/B071Z8M4KX_allsrp_img4.jpg,https://m.media-amazon.com/images/I/41HbUP3iP5L._SS40_.jpg
B071Z8M4KX,B071Z8M4KX_allsrp_img5.jpg,/Users/amankumar/Desktop/Aims/final data/images_all_scraped/B071Z8M4KX_allsrp_img5.jpg,https://m.media-amazon.com/images/I/41cidk7kYNL.jpg
B071Z8M4KX,B071Z8M4KX_allsrp_img6.jpg,/Users/amankumar/Desktop/Aims/final data/images_all_scraped/B071Z8M4KX_allsrp_img6.jpg,https://m.media-amazon.com/images/I/41uFZxUySsL._SS40_.jpg
B071Z8M4KX,B071Z8M4KX_allsrp_img7.jpg,/Users/amankumar/Desktop/Aims/final data/images_all_scraped/B071Z8M4KX_allsrp_img7.jpg,https://m.media-amazon.com/images/I/61ev3M9LmQL._SX679_.jpg
B0F2FF44NN,B0F2FF44NN_allsrp_img1.jpg,/Users/amankumar/Desktop/Aims/final data/images_all_scraped/B0F2FF44NN_allsrp_img1.jpg,https://m.media-amazon.com/images/I/81gaXDskbFL._SY450_.jpg
B0F2FF44NN,B0F2FF44NN_allsrp_img2.jpg,/Users/amankumar/Desktop/Aims/final data/images_all_scraped/B0F2FF44NN_allsrp_img2.jpg,https://m.media-amazon.com/images/I/51c6z+V+siL._SS40_.jpg
B0F2FF44NN,B0F2FF44NN_allsrp_img3.jpg,/Users/amankumar/Desktop/Aims/final data/images_all_scraped/B0F2FF44NN_allsrp_img3.jpg,https://m.media-amazon.com/images/I/81dnmjOYb2L._SY450_.jpg
B0F2FF44NN,B0F2FF44NN_allsrp_img4.jpg,/Users/amankumar/Desktop/Aims/final data/images_all_scraped/B0F2FF44NN_allsrp_img4.jpg,https://m.media-amazon.com/images/I/51QrBdJLsTL.jpg
B0F2FF44NN,B0F2FF44NN_allsrp_img5.jpg,/Users/amankumar/Desktop/Aims/final data/images_all_scraped/B0F2FF44NN_allsrp_img5.jpg,https://m.media-amazon.com/images/I/812+-Pe+4-L._SL1500_.jpg
B0F2FF44NN,B0F2FF44NN_allsrp_img6.jpg,/Users/amankumar/Desktop/Aims/final data/images_all_scraped/B0F2FF44NN_allsrp_img6.jpg,https://m.media-amazon.com/images/I/71yAU2+AOCL._SX466_.jpg
B0F2FF44NN,B0F2FF44NN_allsrp_img7.jpg,/Users/amankumar/Desktop/Aims/final data/images_all_scraped/B0F2FF44NN_allsrp_img7.jpg,https://m.media-amazon.com/images/I/81DAO9CuNOL._SL1500_.jpg
B0DGTTKCJX,B0DGTTKCJX_allsrp_img1.jpg,/Users/amankumar/Desktop/Aims/final data/images_all_scraped/B0DGTTKCJX_allsrp_img1.jpg,https://m.media-amazon.com/images/I/71TIEZXXxkL._SX425_.jpg
B0DGTTKCJX,B0DGTTKCJX_allsrp_img2.jpg,/Users/amankumar/Desktop/Aims/final data/images_all_scraped/B0DGTTKCJX_allsrp_img2.jpg,https://m.media-amazon.com/images/I/61cIHzCDl6L._SY355_.jpg
B0DGTTKCJX,B0DGTTKCJX_allsrp_img3.jpg,/Users/amankumar/Desktop/Aims/final data/images_all_scraped/B0DGTTKCJX_allsrp_img3.jpg,https://m.media-amazon.com/images/I/71bpCD5dbVL._SY450_.jpg
B0DGTTKCJX,B0DGTTKCJX_allsrp_img4.jpg,/Users/amankumar/Desktop/Aims/final data/images_all_scraped/B0DGTTKCJX_allsrp_img4.jpg,https://m.media-amazon.com/images/I/716VWXIZ3CL._SY355_.jpg
B0DGTTKCJX,B0DGTTKCJX_allsrp_img5.jpg,/Users/amankumar/Desktop/Aims/final data/images_all_scraped/B0DGTTKCJX_allsrp_img5.jpg,https://m.media-amazon.com/images/I/51vgABLxDUL.jpg
B0DGTTKCJX,B0DGTTKCJX_allsrp_img6.jpg,/Users/amankumar/Desktop/Aims/final data/images_all_scraped/B0DGTTKCJX_allsrp_img6.jpg,https://m.media-amazon.com/images/I/715Y6zPgK+L._SX425_.jpg
B0DGTTKCJX,B0DGTTKCJX_allsrp_img7.jpg,/Users/amankumar/Desktop/Aims/final data/images_all_scraped/B0DGTTKCJX_allsrp_img7.jpg,https://m.media-amazon.com/images/I/51moSaDnLaL._SS40_.jpg
B0856HY85J,B0856HY85J_allsrp_img1.jpg,/Users/amankumar/Desktop/Aims/final data/images_all_scraped/B0856HY85J_allsrp_img1.jpg,https://m.media-amazon.com/images/I/41PlZjYsy-L.jpg
B0856HY85J,B0856HY85J_allsrp_img2.jpg,/Users/amankumar/Desktop/Aims/final data/images_all_scraped/B0856HY85J_allsrp_img2.jpg,https://m.media-amazon.com/images/I/412g70QjQFL._SS40_.jpg
B0856HY85J,B0856HY85J_allsrp_img3.jpg,/Users/amankumar/Desktop/Aims/final data/images_all_scraped/B0856HY85J_allsrp_img3.jpg,https://m.media-amazon.com/images/I/610B1gqS4UL._SX425_.jpg
B0856HY85J,B0856HY85J_allsrp_img4.jpg,/Users/amankumar/Desktop/Aims/final data/images_all_scraped/B0856HY85J_allsrp_img4.jpg,https://m.media-amazon.com/images/I/713vSnqDamL._SX522_.jpg
B0856HY85J,B0856HY85J_allsrp_img5.jpg,/Users/amankumar/Desktop/Aims/final data/images_all_scraped/B0856HY85J_allsrp_img5.jpg,https://m.media-amazon.com/images/I/71b+g2CJ79L._SX679_.jpg
B0856HY85J,B0856HY85J_allsrp_img6.jpg,/Users/amankumar/Desktop/Aims/final data/images_all_scraped/B0856HY85J_allsrp_img6.jpg,https://m.media-amazon.com/images/I/612c54zFjpL._SL1500_.jpg
B0856HY85J,B0856HY85J_allsrp_img7.jpg,/Users/amankumar/Desktop/Aims/final data/images_all_scraped/B0856HY85J_allsrp_img7.jpg,https://m.media-amazon.com/images/I/51EHoByuOgL._SS40_.jpg
B0B1PXM75C,B0B1PXM75C_allsrp_img1.jpg,/Users/amankumar/Desktop/Aims/final data/images_all_scraped/B0B1PXM75C_allsrp_img1.jpg,https://m.media-amazon.com/images/I/510XahdGPIL._SS40_.jpg
B0B1PXM75C,B0B1PXM75C_allsrp_img2.jpg,/Users/amankumar/Desktop/Aims/final data/images_all_scraped/B0B1PXM75C_allsrp_img2.jpg,https://m.media-amazon.com/images/I/419tZ5pcqkL._SS40_.jpg
B0B1PXM75C,B0B1PXM75C_allsrp_img3.jpg,/Users/amankumar/Desktop/Aims/final data/images_all_scraped/B0B1PXM75C_allsrp_img3.jpg,https://m.media-amazon.com/images/I/517lSvEVVsL._SY355_.jpg
B0B1PXM75C,B0B1PXM75C_allsrp_img4.jpg,/Users/amankumar/Desktop/Aims/final data/images_all_scraped/B0B1PXM75C_allsrp_img4.jpg,https://m.media-amazon.com/images/I/41EWv0B742L._SS40_.jpg
B0B1PXM75C,B0B1PXM75C_allsrp_img5.jpg,/Users/amankumar/Desktop/Aims/final data/images_all_scraped/B0B1PXM75C_allsrp_img5.jpg,https://m.media-amazon.com/images/I/61Q1bfhFOLL._SX466_.jpg
B0B1PXM75C,B0B1PXM75C_allsrp_img6.jpg,/Users/amankumar/Desktop/Aims/final data/images_all_scraped/B0B1PXM75C_allsrp_img6.jpg,https://m.media-amazon.com/images/I/41oJHJi5CjL.jpg
B0B1PXM75C,B0B1PXM75C_allsrp_img7.jpg,/Users/amankumar/Desktop/Aims/final data/images_all_scraped/B0B1PXM75C_allsrp_img7.jpg,https://m.media-amazon.com/images/I/71qT2vBIVwL._SX425_.jpg
B08QTYYNDN,B08QTYYNDN_allsrp_img1.jpg,/Users/amankumar/Desktop/Aims/final data/images_all_scraped/B08QTYYNDN_allsrp_img1.jpg,https://m.media-amazon.com/images/I/31-wY4QWgiS.jpg
B08QTYYNDN,B08QTYYNDN_allsrp_img2.jpg,/Users/amankumar/Desktop/Aims/final data/images_all_scraped/B08QTYYNDN_allsrp_img2.jpg,https://m.media-amazon.com/images/I/81vwzWL6wLL._SX522_.jpg
B08QTYYNDN,B08QTYYNDN_allsrp_img3.jpg,/Users/amankumar/Desktop/Aims/final data/images_all_scraped/B08QTYYNDN_allsrp_img3.jpg,https://m.media-amazon.com/images/I/51Bb0eFN7jS._SY355_.jpg
B08QTYYNDN,B08QTYYNDN_allsrp_img4.jpg,/Users/amankumar/Desktop/Aims/final data/images_all_scraped/B08QTYYNDN_allsrp_img4.jpg,https://m.media-amazon.com/images/I/61kFL7ywsZS._SY355_.jpg
B08QTYYNDN,B08QTYYNDN_allsrp_img5.jpg,/Users/amankumar/Desktop/Aims/final data/images_all_scraped/B08QTYYNDN_allsrp_img5.jpg,https://m.media-amazon.com/images/I/31SNd2tQupS._SS40_.jpg
B08QTYYNDN,B08QTYYNDN_allsrp_img6.jpg,/Users/amankumar/Desktop/Aims/final data/images_all_scraped/B08QTYYNDN_allsrp_img6.jpg,https://m.media-amazon.com/images/I/51253A3BUBL.jpg
B08QTYYNDN,B08QTYYNDN_allsrp_img7.jpg,/Users/amankumar/Desktop/Aims/final data/images_all_scraped/B08QTYYNDN_allsrp_img7.jpg,https://m.media-amazon.com/images/I/21gpFHiIRFS.jpg
B09QL3K2GD,B09QL3K2GD_allsrp_img1.jpg,/Users/amankumar/Desktop/Aims/final data/images_all_scraped/B09QL3K2GD_allsrp_img1.jpg,https://m.media-amazon.com/images/I/61+dwS-t2oL._SL1500_.jpg
B09QL3K2GD,B09QL3K2GD_allsrp_img2.jpg,/Users/amankumar/Desktop/Aims/final data/images_all_scraped/B09QL3K2GD_allsrp_img2.jpg,https://m.media-amazon.com/images/I/71VGkAJ5rjL._SX569_.jpg
B09QL3K2GD,B09QL3K2GD_allsrp_img3.jpg,/Users/amankumar/Desktop/Aims/final data/images_all_scraped/B09QL3K2GD_allsrp_img3.jpg,https://m.media-amazon.com/images/I/61R4Tj5podL._SY450_.jpg
B09QL3K2GD,B09QL3K2GD_allsrp_img4.jpg,/Users/amankumar/Desktop/Aims/final data/images_all_scraped/B09QL3K2GD_allsrp_img4.jpg,https://m.media-amazon.com/images/I/41RZmGCgMNL._SS40_.jpg
B09QL3K2GD,B09QL3K2GD_allsrp_img5.jpg,/Users/amankumar/Desktop/Aims/final data/images_all_scraped/B09QL3K2GD_allsrp_img5.jpg,https://m.media-amazon.com/images/I/61HR7N5zbjL._SX522_.jpg
B09QL3K2GD,B09QL3K2GD_allsrp_img6.jpg,/Users/amankumar/Desktop/Aims/final data/images_all_scraped/B09QL3K2GD_allsrp_img6.jpg,https://m.media-amazon.com/images/I/41sHQy2lDBL._SS40_.jpg
B09QL3K2GD,B09QL3K2GD_allsrp_img7.jpg,/Users/amankumar/Desktop/Aims/final data/images_all_scraped/B09QL3K2GD_allsrp_img7.jpg,https://m.media-amazon.com/images/I/41IFFIzbTXL.jpg
B0DQPKH93F,B0DQPKH93F_allsrp_img1.jpg,/Users/amankumar/Desktop/Aims/final data/images_all_scraped/B0DQPKH93F_allsrp_img1.jpg,https://m.media-amazon.com/images/I/81LJzwQl7lL._SX522_.jpg
B0DQPKH93F,B0DQPKH93F_allsrp_img2.jpg,/Users/amankumar/Desktop/Aims/final data/images_all_scraped/B0DQPKH93F_allsrp_img2.jpg,"https://m.media-amazon.com/images/I/41a28---nBL._SX38_SY50_CR,0,0,38,50_.jpg"
B0DQPKH93F,B0DQPKH93F_allsrp_img3.jpg,/Users/amankumar/Desktop/Aims/final data/images_all_scraped/B0DQPKH93F_allsrp_img3.jpg,"https://m.media-amazon.com/images/I/41dCxsZOJNL._SX38_SY50_CR,0,0,38,50_.jpg"
B0DQPKH93F,B0DQPKH93F_allsrp_img4.jpg,/Users/amankumar/Desktop/Aims/final data/images_all_scraped/B0DQPKH93F_allsrp_img4.jpg,https://m.media-amazon.com/images/I/613p2FsdllL._SX522_.jpg
B0DQPKH93F,B0DQPKH93F_allsrp_img5.jpg,/Users/amankumar/Desktop/Aims/final data/images_all_scraped/B0DQPKH93F_allsrp_img5.jpg,https://m.media-amazon.com/images/I/51gXM4pnoCL.jpg
B0DQPKH93F,B0DQPKH93F_allsrp_img6.jpg,/Users/amankumar/Desktop/Aims/final data/images_all_scraped/B0DQPKH93F_allsrp_img6.jpg,https://m.media-amazon.com/images/I/81BUZAn0rBL._SX569_.jpg
B0DQPKH93F,B0DQPKH93F_allsrp_img7.jpg,/Users/amankumar/Desktop/Aims/final data/images_all_scraped/B0DQPKH93F_allsrp_img7.jpg,https://m.media-amazon.com/images/I/31OvDcM2HTL.jpg
B09XS7JWHH,B09XS7JWHH_allsrp_img1.jpg,/Users/amankumar/Desktop/Aims/final data/images_all_scraped/B09XS7JWHH_allsrp_img1.jpg,https://m.media-amazon.com/images/I/41yrZGRvOAL._SS40_.jpg
B09XS7JWHH,B09XS7JWHH_allsrp_img2.jpg,/Users/amankumar/Desktop/Aims/final data/images_all_scraped/B09XS7JWHH_allsrp_img2.jpg,https://m.media-amazon.com/images/I/51pFYV7FHdL._SX522_.jpg
B09XS7JWHH,B09XS7JWHH_allsrp_img3.jpg,/Users/amankumar/Desktop/Aims/final data/images_all_scraped/B09XS7JWHH_allsrp_img3.jpg,https://m.media-amazon.com/images/I/71GMFf-4cwL._SY741_.jpg
B09XS7JWHH,B09XS7JWHH_allsrp_img4.jpg,/Users/amankumar/Desktop/Aims/final data/images_all_scraped/B09XS7JWHH_allsrp_img4.jpg,https://m.media-amazon.com/images/I/81+4fB1ehJL._SY450_.jpg
B09XS7JWHH,B09XS7JWHH_allsrp_img5.jpg,/Users/amankumar/Desktop/Aims/final data/images_all_scraped/B09XS7JWHH_allsrp_img5.jpg,https://m.media-amazon.com/images/I/41-E8jpyU5L._SS40_.jpg
B09XS7JWHH,B09XS7JWHH_allsrp_img6.jpg,/Users/amankumar/Desktop/Aims/final data/images_all_scraped/B09XS7JWHH_allsrp_img6.jpg,https://m.media-amazon.com/images/I/710YM8cBnnL._SX450_.jpg
B09XS7JWHH,B09XS7JWHH_allsrp_img7.jpg,/Users/amankumar/Desktop/Aims/final data/images_all_scraped/B09XS7JWHH_allsrp_img7.jpg,https://m.media-amazon.com/images/I/41x7lxGdm1L.jpg
B0863FR3S9,B0863FR3S9_allsrp_img1.jpg,/Users/amankumar/Desktop/Aims/final data/images_all_scraped/B0863FR3S9_allsrp_img1.jpg,https://m.media-amazon.com/images/I/61UgZSYRllL._SX569_.jpg
B0863FR3S9,B0863FR3S9_allsrp_img2.jpg,/Users/amankumar/Desktop/Aims/final data/images_all_scraped/B0863FR3S9_allsrp_img2.jpg,https://m.media-amazon.com/images/I/81zNaO7AyoL._SX466_.jpg
B0863FR3S9,B0863FR3S9_allsrp_img3.jpg,/Users/amankumar/Desktop/Aims/final data/images_all_scraped/B0863FR3S9_allsrp_img3.jpg,https://m.media-amazon.com/images/I/31bMX03s6+L.jpg
B0863FR3S9,B0863FR3S9_allsrp_img4.jpg,/Users/amankumar/Desktop/Aims/final data/images_all_scraped/B0863FR3S9_allsrp_img4.jpg,https://m.media-amazon.com/images/I/71joBKOGFBL._SX679_.jpg
B0863FR3S9,B0863FR3S9_allsrp_img5.jpg,/Users/amankumar/Desktop/Aims/final data/images_all_scraped/B0863FR3S9_allsrp_img5.jpg,https://m.media-amazon.com/images/I/916n+6CyRlL._SY355_.jpg
B0863FR3S9,B0863FR3S9_allsrp_img6.jpg,/Users/amankumar/Desktop/Aims/final data/images_all_scraped/B0863FR3S9_allsrp_img6.jpg,https://m.media-amazon.com/images/I/41YSkcM5mrL.jpg
B0863FR3S9,B0863FR3S9_allsrp_img7.jpg,/Users/amankumar/Desktop/Aims/final data/images_all_scraped/B0863FR3S9_allsrp_img7.jpg,https://m.media-amazon.com/images/I/41qGes8onAL.jpg
B0B4G44RFS,B0B4G44RFS_allsrp_img1.jpg,/Users/amankumar/Desktop/Aims/final data/images_all_scraped/B0B4G44RFS_allsrp_img1.jpg,https://m.media-amazon.com/images/I/61FrvQMXxJL._SX522_.jpg
B0B4G44RFS,B0B4G44RFS_allsrp_img2.jpg,/Users/amankumar/Desktop/Aims/final data/images_all_scraped/B0B4G44RFS_allsrp_img2.jpg,https://m.media-amazon.com/images/I/71KTaq3IUYL._SY450_.jpg
B0B4G44RFS,B0B4G44RFS_allsrp_img3.jpg,/Users/amankumar/Desktop/Aims/final data/images_all_scraped/B0B4G44RFS_allsrp_img3.jpg,https://m.media-amazon.com/images/I/41Z4adPP8HL.jpg
B0B4G44RFS,B0B4G44RFS_allsrp_img4.jpg,/Users/amankumar/Desktop/Aims/final data/images_all_scraped/B0B4G44RFS_allsrp_img4.jpg,https://m.media-amazon.com/images/I/612nLuz329L._SX679_.jpg
B0B4G44RFS,B0B4G44RFS_allsrp_img5.jpg,/Users/amankumar/Desktop/Aims/final data/images_all_scraped/B0B4G44RFS_allsrp_img5.jpg,https://m.media-amazon.com/images/I/71amV5A96hL._SX466_.jpg
B0B4G44RFS,B0B4G44RFS_allsrp_img6.jpg,/Users/amankumar/Desktop/Aims/final data/images_all_scraped/B0B4G44RFS_allsrp_img6.jpg,https://m.media-amazon.com/images/I/41KJfT62kZL._SS40_.jpg
B0B4G44RFS,B0B4G44RFS_allsrp_img7.jpg,/Users/amankumar/Desktop/Aims/final data/images_all_scraped/B0B4G44RFS_allsrp_img7.jpg,https://m.media-amazon.com/images/I/413SoVqM5dL._SS40_.jpg
B0D3TMKMYN,B0D3TMKMYN_allsrp_img1.jpg,/Users/amankumar/Desktop/Aims/final data/images_all_scraped/B0D3TMKMYN_allsrp_img1.jpg,https://m.media-amazon.com/images/I/81CY5L6kjyL._SX425_.jpg
B0D3TMKMYN,B0D3TMKMYN_allsrp_img2.jpg,/Users/amankumar/Desktop/Aims/final data/images_all_scraped/B0D3TMKMYN_allsrp_img2.jpg,https://m.media-amazon.com/images/I/31VEbzbHcPL._SS40_.jpg
B0D3TMKMYN,B0D3TMKMYN_allsrp_img3.jpg,/Users/amankumar/Desktop/Aims/final data/images_all_scraped/B0D3TMKMYN_allsrp_img3.jpg,https://m.media-amazon.com/images/I/61T7KqW31zL._SX522_.jpg
B0D3TMKMYN,B0D3TMKMYN_allsrp_img4.jpg,/Users/amankumar/Desktop/Aims/final data/images_all_scraped/B0D3TMKMYN_allsrp_img4.jpg,https://m.media-amazon.com/images/I/71gXZ6UKWGL._SX425_.jpg
B0D3TMKMYN,B0D3TMKMYN_allsrp_img5.jpg,/Users/amankumar/Desktop/Aims/final data/images_all_scraped/B0D3TMKMYN_allsrp_img5.jpg,https://m.media-amazon.com/images/I/41IsNwOVroL._SS40_.jpg
B0D3TMKMYN,B0D3TMKMYN_allsrp_img6.jpg,/Users/amankumar/Desktop/Aims/final data/images_all_scraped/B0D3TMKMYN_allsrp_img6.jpg,https://m.media-amazon.com/images/I/91X6-MXl0uL._SX522_.jpg
B0D3TMKMYN,B0D3TMKMYN_allsrp_img7.jpg,/Users/amankumar/Desktop/Aims/final data/images_all_scraped/B0D3TMKMYN_allsrp_img7.jpg,https://m.media-amazon.com/images/I/91grr+0FxtL._SX466_.jpg
B08QTVL6C5,B08QTVL6C5_allsrp_img1.jpg,/Users/amankumar/Desktop/Aims/final data/images_all_scraped/B08QTVL6C5_allsrp_img1.jpg,https://m.media-amazon.com/images/I/61NS3QcwO9L._SX425_.jpg
B08QTVL6C5,B08QTVL6C5_allsrp_img2.jpg,/Users/amankumar/Desktop/Aims/final data/images_all_scraped/B08QTVL6C5_allsrp_img2.jpg,https://m.media-amazon.com/images/I/61YTejLpX+L._SX450_.jpg
B08QTVL6C5,B08QTVL6C5_allsrp_img3.jpg,/Users/amankumar/Desktop/Aims/final data/images_all_scraped/B08QTVL6C5_allsrp_img3.jpg,https://m.media-amazon.com/images/I/61tbYT28nIL._SX569_.jpg
B08QTVL6C5,B08QTVL6C5_allsrp_img4.jpg,/Users/amankumar/Desktop/Aims/final data/images_all_scraped/B08QTVL6C5_allsrp_img4.jpg,https://m.media-amazon.com/images/I/513588ADRlS._SX679_.jpg
B08QTVL6C5,B08QTVL6C5_allsrp_img5.jpg,/Users/amankumar/Desktop/Aims/final data/images_all_scraped/B08QTVL6C5_allsrp_img5.jpg,https://m.media-amazon.com/images/I/21V+LQahToS._SS40_.jpg
B08QTVL6C5,B08QTVL6C5_allsrp_img6.jpg,/Users/amankumar/Desktop/Aims/final data/images_all_scraped/B08QTVL6C5_allsrp_img6.jpg,https://m.media-amazon.com/images/I/31hPkq8BxVS._SS40_.jpg
B08QTVL6C5,B08QTVL6C5_allsrp_img7.jpg,/Users/amankumar/Desktop/Aims/final data/images_all_scraped/B08QTVL6C5_allsrp_img7.jpg,https://m.media-amazon.com/images/I/616D3D0lGsL._SX522_.jpg
B0CCZ26B5V,B0CCZ26B5V_allsrp_img1.jpg,/Users/amankumar/Desktop/Aims/final data/images_all_scraped/B0CCZ26B5V_allsrp_img1.jpg,https://m.media-amazon.com/images/I/51UFpm04T9L._SS40_.jpg
B0CCZ26B5V,B0CCZ26B5V_allsrp_img2.jpg,/Users/amankumar/Desktop/Aims/final data/images_all_scraped/B0CCZ26B5V_allsrp_img2.jpg,https://m.media-amazon.com/images/I/31+fg95OcqL.jpg
B0CCZ26B5V,B0CCZ26B5V_allsrp_img3.jpg,/Users/amankumar/Desktop/Aims/final data/images_all_scraped/B0CCZ26B5V_allsrp_img3.jpg,https://m.media-amazon.com/images/I/51E5T5O19PL._SS40_.jpg
B0CCZ26B5V,B0CCZ26B5V_allsrp_img4.jpg,/Users/amankumar/Desktop/Aims/final data/images_all_scraped/B0CCZ26B5V_allsrp_img4.jpg,https://m.media-amazon.com/images/I/41Fe5-wjOFL._SS40_.jpg
B0CCZ26B5V,B0CCZ26B5V_allsrp_img5.jpg,/Users/amankumar/Desktop/Aims/final data/images_all_scraped/B0CCZ26B5V_allsrp_img5.jpg,https://m.media-amazon.com/images/I/61Ym4SBP7zL._SL1500_.jpg
B0CCZ26B5V,B0CCZ26B5V_allsrp_img6.jpg,/Users/amankumar/Desktop/Aims/final data/images_all_scraped/B0CCZ26B5V_allsrp_img6.jpg,https://m.media-amazon.com/images/I/615c64LJhBL._SX569_.jpg
B0CCZ26B5V,B0CCZ26B5V_allsrp_img7.jpg,/Users/amankumar/Desktop/Aims/final data/images_all_scraped/B0CCZ26B5V_allsrp_img7.jpg,https://m.media-amazon.com/images/I/41IGD3LTtjL.jpg
B0D4ZCH5HS,B0D4ZCH5HS_allsrp_img1.jpg,/Users/amankumar/Desktop/Aims/final data/images_all_scraped/B0D4ZCH5HS_allsrp_img1.jpg,https://m.media-amazon.com/images/I/41WzSJ4mhUL._SX425_.jpg
B0D4ZCH5HS,B0D4ZCH5HS_allsrp_img2.jpg,/Users/amankumar/Desktop/Aims/final data/images_all_scraped/B0D4ZCH5HS_allsrp_img2.jpg,https://m.media-amazon.com/images/I/51NnhWCTtoL._SX679_.jpg
B0D4ZCH5HS,B0D4ZCH5HS_allsrp_img3.jpg,/Users/amankumar/Desktop/Aims/final data/images_all_scraped/B0D4ZCH5HS_allsrp_img3.jpg,https://m.media-amazon.com/images/I/31jKpqeEPrL.jpg
B0D4ZCH5HS,B0D4ZCH5HS_allsrp_img4.jpg,/Users/amankumar/Desktop/Aims/final data/images_all_scraped/B0D4ZCH5HS_allsrp_img4.jpg,https://m.media-amazon.com/images/I/41EnwcAqiBL._SY450_.jpg
B0D4ZCH5HS,B0D4ZCH5HS_allsrp_img5.jpg,/Users/amankumar/Desktop/Aims/final data/images_all_scraped/B0D4ZCH5HS_allsrp_img5.jpg,https://m.media-amazon.com/images/I/21m3XsaS+UL._SS40_.jpg
B0D4ZCH5HS,B0D4ZCH5HS_allsrp_img6.jpg,/Users/amankumar/Desktop/Aims/final data/images_all_scraped/B0D4ZCH5HS_allsrp_img6.jpg,https://m.media-amazon.com/images/I/21Rj9VyWAaL._SS40_.jpg
B0D4ZCH5HS,B0D4ZCH5HS_allsrp_img7.jpg,/Users/amankumar/Desktop/Aims/final data/images_all_scraped/B0D4ZCH5HS_allsrp_img7.jpg,https://m.media-amazon.com/images/I/61DiEWSIM5L._SY450_.jpg
B0C6KKQ7ND,B0C6KKQ7ND_allsrp_img1.jpg,/Users/amankumar/Desktop/Aims/final data/images_all_scraped/B0C6KKQ7ND_allsrp_img1.jpg,https://m.media-amazon.com/images/I/61ofRrwWoSL._SX679_.jpg
B0C6KKQ7ND,B0C6KKQ7ND_allsrp_img2.jpg,/Users/amankumar/Desktop/Aims/final data/images_all_scraped/B0C6KKQ7ND_allsrp_img2.jpg,https://m.media-amazon.com/images/I/41VLJrK-IGL.jpg
B0C6KKQ7ND,B0C6KKQ7ND_allsrp_img3.jpg,/Users/amankumar/Desktop/Aims/final data/images_all_scraped/B0C6KKQ7ND_allsrp_img3.jpg,https://m.media-amazon.com/images/I/41+uRTluWjL._SS40_.jpg
B0C6KKQ7ND,B0C6KKQ7ND_allsrp_img4.jpg,/Users/amankumar/Desktop/Aims/final data/images_all_scraped/B0C6KKQ7ND_allsrp_img4.jpg,https://m.media-amazon.com/images/I/61eRv4dxwIL._SL1200_.jpg
B0C6KKQ7ND,B0C6KKQ7ND_allsrp_img5.jpg,/Users/amankumar/Desktop/Aims/final data/images_all_scraped/B0C6KKQ7ND_allsrp_img5.jpg,https://m.media-amazon.com/images/I/51O3nglyJQL._SL1200_.jpg
B0C6KKQ7ND,B0C6KKQ7ND_allsrp_img6.jpg,/Users/amankumar/Desktop/Aims/final data/images_all_scraped/B0C6KKQ7ND_allsrp_img6.jpg,https://m.media-amazon.com/images/I/41ImkuC-r7L.jpg
B0C6KKQ7ND,B0C6KKQ7ND_allsrp_img7.jpg,/Users/amankumar/Desktop/Aims/final data/images_all_scraped/B0C6KKQ7ND_allsrp_img7.jpg,https://m.media-amazon.com/images/I/61+TcAK4bgL._SX679_.jpg
B08G1ZBKGP,B08G1ZBKGP_allsrp_img1.jpg,/Users/amankumar/Desktop/Aims/final data/images_all_scraped/B08G1ZBKGP_allsrp_img1.jpg,https://m.media-amazon.com/images/I/91MCb9s9ALL._SY879_.jpg
B08G1ZBKGP,B08G1ZBKGP_allsrp_img2.jpg,/Users/amankumar/Desktop/Aims/final data/images_all_scraped/B08G1ZBKGP_allsrp_img2.jpg,https://m.media-amazon.com/images/I/51GV39NRXzL.jpg
B08G1ZBKGP,B08G1ZBKGP_allsrp_img3.jpg,/Users/amankumar/Desktop/Aims/final data/images_all_scraped/B08G1ZBKGP_allsrp_img3.jpg,https://m.media-amazon.com/images/I/81Jfft-mkBL._SY355_.jpg
B08G1ZBKGP,B08G1ZBKGP_allsrp_img4.jpg,/Users/amankumar/Desktop/Aims/final data/images_all_scraped/B08G1ZBKGP_allsrp_img4.jpg,https://m.media-amazon.com/images/I/41aLQgPVV5L._SS40_.jpg
B0CQKDKPS6,B0CQKDKPS6_allsrp_img1.jpg,/Users/amankumar/Desktop/Aims/final data/images_all_scraped/B0CQKDKPS6_allsrp_img1.jpg,https://m.media-amazon.com/images/I/7100JbilA3L._SX522_.jpg
B0CQKDKPS6,B0CQKDKPS6_allsrp_img2.jpg,/Users/amankumar/Desktop/Aims/final data/images_all_scraped/B0CQKDKPS6_allsrp_img2.jpg,https://m.media-amazon.com/images/I/8185YvfctaL._SX425_.jpg
B0CQKDKPS6,B0CQKDKPS6_allsrp_img3.jpg,/Users/amankumar/Desktop/Aims/final data/images_all_scraped/B0CQKDKPS6_allsrp_img3.jpg,https://m.media-amazon.com/images/I/41NGf-BlwxL._SS40_.jpg
B0CQKDKPS6,B0CQKDKPS6_allsrp_img4.jpg,/Users/amankumar/Desktop/Aims/final data/images_all_scraped/B0CQKDKPS6_allsrp_img4.jpg,https://m.media-amazon.com/images/I/81WxMaWWdjL._SX522_.jpg
B0CQKDKPS6,B0CQKDKPS6_allsrp_img5.jpg,/Users/amankumar/Desktop/Aims/final data/images_all_scraped/B0CQKDKPS6_allsrp_img5.jpg,https://m.media-amazon.com/images/I/51ZU11iIqAL._SX679_.jpg
B0CQKDKPS6,B0CQKDKPS6_allsrp_img6.jpg,/Users/amankumar/Desktop/Aims/final data/images_all_scraped/B0CQKDKPS6_allsrp_img6.jpg,https://m.media-amazon.com/images/I/911Ox1-w2iL._SX466_.jpg
B0CQKDKPS6,B0CQKDKPS6_allsrp_img7.jpg,/Users/amankumar/Desktop/Aims/final data/images_all_scraped/B0CQKDKPS6_allsrp_img7.jpg,https://m.media-amazon.com/images/I/718aLAZgcpL._SY450_.jpg
B00HVLUR86,B00HVLUR86_allsrp_img1.jpg,/Users/amankumar/Desktop/Aims/final data/images_all_scraped/B00HVLUR86_allsrp_img1.jpg,https://m.media-amazon.com/images/I/31qwQo3BMlL.jpg
B00HVLUR86,B00HVLUR86_allsrp_img2.jpg,/Users/amankumar/Desktop/Aims/final data/images_all_scraped/B00HVLUR86_allsrp_img2.jpg,https://m.media-amazon.com/images/I/41YvmLYwNZL._SS40_.jpg
B00HVLUR86,B00HVLUR86_allsrp_img3.jpg,/Users/amankumar/Desktop/Aims/final data/images_all_scraped/B00HVLUR86_allsrp_img3.jpg,https://m.media-amazon.com/images/I/41kAbGeothL.jpg
B00HVLUR86,B00HVLUR86_allsrp_img4.jpg,/Users/amankumar/Desktop/Aims/final data/images_all_scraped/B00HVLUR86_allsrp_img4.jpg,https://m.media-amazon.com/images/I/71VMmQN+zyL._SY450_.jpg
B00HVLUR86,B00HVLUR86_allsrp_img5.jpg,/Users/amankumar/Desktop/Aims/final data/images_all_scraped/B00HVLUR86_allsrp_img5.jpg,https://m.media-amazon.com/images/I/61Y5DYfzgbL._SX569_.jpg
B00HVLUR86,B00HVLUR86_allsrp_img6.jpg,/Users/amankumar/Desktop/Aims/final data/images_all_scraped/B00HVLUR86_allsrp_img6.jpg,https://m.media-amazon.com/images/I/51ZtnpeDLaL._SS40_.jpg
B00HVLUR86,B00HVLUR86_allsrp_img7.jpg,/Users/amankumar/Desktop/Aims/final data/images_all_scraped/B00HVLUR86_allsrp_img7.jpg,https://m.media-amazon.com/images/I/51E8EHBV8WL._SY741_.jpg
B0D3LGQ841,B0D3LGQ841_allsrp_img1.jpg,/Users/amankumar/Desktop/Aims/final data/images_all_scraped/B0D3LGQ841_allsrp_img1.jpg,https://m.media-amazon.com/images/I/31AnWY9jc4L._SS40_.jpg
B0D3LGQ841,B0D3LGQ841_allsrp_img2.jpg,/Users/amankumar/Desktop/Aims/final data/images_all_scraped/B0D3LGQ841_allsrp_img2.jpg,https://m.media-amazon.com/images/I/41a33W-i9sL.jpg
B0D3LGQ841,B0D3LGQ841_allsrp_img3.jpg,/Users/amankumar/Desktop/Aims/final data/images_all_scraped/B0D3LGQ841_allsrp_img3.jpg,https://m.media-amazon.com/images/I/317rCbEMTLL.jpg
B0D3LGQ841,B0D3LGQ841_allsrp_img4.jpg,/Users/amankumar/Desktop/Aims/final data/images_all_scraped/B0D3LGQ841_allsrp_img4.jpg,https://m.media-amazon.com/images/I/715xmAN3-qL._SL1500_.jpg
B0D3LGQ841,B0D3LGQ841_allsrp_img5.jpg,/Users/amankumar/Desktop/Aims/final data/images_all_scraped/B0D3LGQ841_allsrp_img5.jpg,https://m.media-amazon.com/images/I/41b9e8vWh9L._SS40_.jpg
B0D3LGQ841,B0D3LGQ841_allsrp_img6.jpg,/Users/amankumar/Desktop/Aims/final data/images_all_scraped/B0D3LGQ841_allsrp_img6.jpg,https://m.media-amazon.com/images/I/71NNK6pHOWL._SX679_.jpg
B0D3LGQ841,B0D3LGQ841_allsrp_img7.jpg,/Users/amankumar/Desktop/Aims/final data/images_all_scraped/B0D3LGQ841_allsrp_img7.jpg,https://m.media-amazon.com/images/I/71vqqFTkrrL._SX466_.jpg
B07L8LTS3J,B07L8LTS3J_allsrp_img1.jpg,/Users/amankumar/Desktop/Aims/final data/images_all_scraped/B07L8LTS3J_allsrp_img1.jpg,https://m.media-amazon.com/images/I/51fsjxA3OML._SS40_.jpg
B07L8LTS3J,B07L8LTS3J_allsrp_img2.jpg,/Users/amankumar/Desktop/Aims/final data/images_all_scraped/B07L8LTS3J_allsrp_img2.jpg,https://m.media-amazon.com/images/I/71B7ToK7QZL._SX569_.jpg
B07L8LTS3J,B07L8LTS3J_allsrp_img3.jpg,/Users/amankumar/Desktop/Aims/final data/images_all_scraped/B07L8LTS3J_allsrp_img3.jpg,https://m.media-amazon.com/images/I/41RSJl9sQjL.jpg
B07L8LTS3J,B07L8LTS3J_allsrp_img4.jpg,/Users/amankumar/Desktop/Aims/final data/images_all_scraped/B07L8LTS3J_allsrp_img4.jpg,https://m.media-amazon.com/images/I/71lBsQYVwcL._SX425_.jpg
B07L8LTS3J,B07L8LTS3J_allsrp_img5.jpg,/Users/amankumar/Desktop/Aims/final data/images_all_scraped/B07L8LTS3J_allsrp_img5.jpg,https://m.media-amazon.com/images/I/710RDSFynGL._SY450_.jpg
B07L8LTS3J,B07L8LTS3J_allsrp_img6.jpg,/Users/amankumar/Desktop/Aims/final data/images_all_scraped/B07L8LTS3J_allsrp_img6.jpg,https://m.media-amazon.com/images/I/7125soZkc1L._SY355_.jpg
B07L8LTS3J,B07L8LTS3J_allsrp_img7.jpg,/Users/amankumar/Desktop/Aims/final data/images_all_scraped/B07L8LTS3J_allsrp_img7.jpg,https://m.media-amazon.com/images/I/41K2Mbfo1mL._SS40_.jpg
B0CGR7XRYW,B0CGR7XRYW_allsrp_img1.jpg,/Users/amankumar/Desktop/Aims/final data/images_all_scraped/B0CGR7XRYW_allsrp_img1.jpg,https://m.media-amazon.com/images/I/612HgKy45eL._SY355_.jpg
B0CGR7XRYW,B0CGR7XRYW_allsrp_img2.jpg,/Users/amankumar/Desktop/Aims/final data/images_all_scraped/B0CGR7XRYW_allsrp_img2.jpg,https://m.media-amazon.com/images/I/51kzqaeH+0L._SX425_.jpg
B0CGR7XRYW,B0CGR7XRYW_allsrp_img3.jpg,/Users/amankumar/Desktop/Aims/final data/images_all_scraped/B0CGR7XRYW_allsrp_img3.jpg,https://m.media-amazon.com/images/I/61V7Op1nmlL._SY355_.jpg
B0CGR7XRYW,B0CGR7XRYW_allsrp_img4.jpg,/Users/amankumar/Desktop/Aims/final data/images_all_scraped/B0CGR7XRYW_allsrp_img4.jpg,https://m.media-amazon.com/images/I/61Yz6BLAmtL._SX569_.jpg
B0CGR7XRYW,B0CGR7XRYW_allsrp_img5.jpg,/Users/amankumar/Desktop/Aims/final data/images_all_scraped/B0CGR7XRYW_allsrp_img5.jpg,https://m.media-amazon.com/images/I/41DUY4x0ChL.jpg
B0CGR7XRYW,B0CGR7XRYW_allsrp_img6.jpg,/Users/amankumar/Desktop/Aims/final data/images_all_scraped/B0CGR7XRYW_allsrp_img6.jpg,https://m.media-amazon.com/images/I/81pmDVkzduL._SY355_.jpg
B0CGR7XRYW,B0CGR7XRYW_allsrp_img7.jpg,/Users/amankumar/Desktop/Aims/final data/images_all_scraped/B0CGR7XRYW_allsrp_img7.jpg,https://m.media-amazon.com/images/I/71FgOeQ8JzL._SX466_.jpg
B08TV2P1N8,B08TV2P1N8_allsrp_img1.jpg,/Users/amankumar/Desktop/Aims/final data/images_all_scraped/B08TV2P1N8_allsrp_img1.jpg,https://m.media-amazon.com/images/I/71NgO+zee+L._SL1500_.jpg
B08TV2P1N8,B08TV2P1N8_allsrp_img2.jpg,/Users/amankumar/Desktop/Aims/final data/images_all_scraped/B08TV2P1N8_allsrp_img2.jpg,https://m.media-amazon.com/images/I/51VbMk4xskL._SS40_.jpg
B08TV2P1N8,B08TV2P1N8_allsrp_img3.jpg,/Users/amankumar/Desktop/Aims/final data/images_all_scraped/B08TV2P1N8_allsrp_img3.jpg,https://m.media-amazon.com/images/I/61mdf4cvimL._SX569_.jpg
B08TV2P1N8,B08TV2P1N8_allsrp_img4.jpg,/Users/amankumar/Desktop/Aims/final data/images_all_scraped/B08TV2P1N8_allsrp_img4.jpg,https://m.media-amazon.com/images/I/51VqUP-P3NL.jpg
B08TV2P1N8,B08TV2P1N8_allsrp_img5.jpg,/Users/amankumar/Desktop/Aims/final data/images_all_scraped/B08TV2P1N8_allsrp_img5.jpg,https://m.media-amazon.com/images/I/41gttqNNgZL._SS40_.jpg
B08TV2P1N8,B08TV2P1N8_allsrp_img6.jpg,/Users/amankumar/Desktop/Aims/final data/images_all_scraped/B08TV2P1N8_allsrp_img6.jpg,https://m.media-amazon.com/images/I/61f+UOa3yfL._SY450_.jpg
B08TV2P1N8,B08TV2P1N8_allsrp_img7.jpg,/Users/amankumar/Desktop/Aims/final data/images_all_scraped/B08TV2P1N8_allsrp_img7.jpg,https://m.media-amazon.com/images/I/41DHgRXGWkL._SS40_.jpg
B09ZJ45J7L,B09ZJ45J7L_allsrp_img1.jpg,/Users/amankumar/Desktop/Aims/final data/images_all_scraped/B09ZJ45J7L_allsrp_img1.jpg,https://m.media-amazon.com/images/I/71+uBNLVMlL._SX466_.jpg
B09ZJ45J7L,B09ZJ45J7L_allsrp_img2.jpg,/Users/amankumar/Desktop/Aims/final data/images_all_scraped/B09ZJ45J7L_allsrp_img2.jpg,https://m.media-amazon.com/images/I/61JlwGMgg0L._SX425_.jpg
B09ZJ45J7L,B09ZJ45J7L_allsrp_img3.jpg,/Users/amankumar/Desktop/Aims/final data/images_all_scraped/B09ZJ45J7L_allsrp_img3.jpg,https://m.media-amazon.com/images/I/71SAYk1EgdL._SX466_.jpg
B09ZJ45J7L,B09ZJ45J7L_allsrp_img4.jpg,/Users/amankumar/Desktop/Aims/final data/images_all_scraped/B09ZJ45J7L_allsrp_img4.jpg,https://m.media-amazon.com/images/I/41yrLA1Nb8L._SS40_.jpg
B09ZJ45J7L,B09ZJ45J7L_allsrp_img5.jpg,/Users/amankumar/Desktop/Aims/final data/images_all_scraped/B09ZJ45J7L_allsrp_img5.jpg,https://m.media-amazon.com/images/I/611LRGba3uL._SL1500_.jpg
B09ZJ45J7L,B09ZJ45J7L_allsrp_img6.jpg,/Users/amankumar/Desktop/Aims/final data/images_all_scraped/B09ZJ45J7L_allsrp_img6.jpg,https://m.media-amazon.com/images/I/71lj+BvmJSL._SX466_.jpg
B09ZJ45J7L,B09ZJ45J7L_allsrp_img7.jpg,/Users/amankumar/Desktop/Aims/final data/images_all_scraped/B09ZJ45J7L_allsrp_img7.jpg,https://m.media-amazon.com/images/I/41mzXbFCxyL._SS40_.jpg
B0CC8SBFFR,B0CC8SBFFR_allsrp_img1.jpg,/Users/amankumar/Desktop/Aims/final data/images_all_scraped/B0CC8SBFFR_allsrp_img1.jpg,https://m.media-amazon.com/images/I/61qi0vdS9+L._SY450_.jpg
B0CC8SBFFR,B0CC8SBFFR_allsrp_img2.jpg,/Users/amankumar/Desktop/Aims/final data/images_all_scraped/B0CC8SBFFR_allsrp_img2.jpg,https://m.media-amazon.com/images/I/41Q+q2AE9LL._SS40_.jpg
B0CC8SBFFR,B0CC8SBFFR_allsrp_img3.jpg,/Users/amankumar/Desktop/Aims/final data/images_all_scraped/B0CC8SBFFR_allsrp_img3.jpg,https://m.media-amazon.com/images/I/71mO-5dGdNL._SX569_.jpg
B0CC8SBFFR,B0CC8SBFFR_allsrp_img4.jpg,/Users/amankumar/Desktop/Aims/final data/images_all_scraped/B0CC8SBFFR_allsrp_img4.jpg,https://m.media-amazon.com/images/I/51xneqQCdML._SS40_.jpg
B0CC8SBFFR,B0CC8SBFFR_allsrp_img5.jpg,/Users/amankumar/Desktop/Aims/final data/images_all_scraped/B0CC8SBFFR_allsrp_img5.jpg,https://m.media-amazon.com/images/I/61-HdhQmo4L._SX425_.jpg
B0CC8SBFFR,B0CC8SBFFR_allsrp_img6.jpg,/Users/amankumar/Desktop/Aims/final data/images_all_scraped/B0CC8SBFFR_allsrp_img6.jpg,https://m.media-amazon.com/images/I/41X-yoyUjeL._SS40_.jpg
B0CC8SBFFR,B0CC8SBFFR_allsrp_img7.jpg,/Users/amankumar/Desktop/Aims/final data/images_all_scraped/B0CC8SBFFR_allsrp_img7.jpg,https://m.media-amazon.com/images/I/41LFgylW-WL._SS40_.jpg
B0DCNWN8NZ,B0DCNWN8NZ_allsrp_img1.jpg,/Users/amankumar/Desktop/Aims/final data/images_all_scraped/B0DCNWN8NZ_allsrp_img1.jpg,https://m.media-amazon.com/images/I/513OSdW4elL._SX466_.jpg
B0DCNWN8NZ,B0DCNWN8NZ_allsrp_img2.jpg,/Users/amankumar/Desktop/Aims/final data/images_all_scraped/B0DCNWN8NZ_allsrp_img2.jpg,https://m.media-amazon.com/images/I/51P4BxC-GTL._SX425_.jpg
B0DCNWN8NZ,B0DCNWN8NZ_allsrp_img3.jpg,/Users/amankumar/Desktop/Aims/final data/images_all_scraped/B0DCNWN8NZ_allsrp_img3.jpg,https://m.media-amazon.com/images/I/21Vw4WqHrGL.jpg
B0DCNWN8NZ,B0DCNWN8NZ_allsrp_img4.jpg,/Users/amankumar/Desktop/Aims/final data/images_all_scraped/B0DCNWN8NZ_allsrp_img4.jpg,https://m.media-amazon.com/images/I/51-AyUL-c2L._SX342_.jpg
B0DCNWN8NZ,B0DCNWN8NZ_allsrp_img5.jpg,/Users/amankumar/Desktop/Aims/final data/images_all_scraped/B0DCNWN8NZ_allsrp_img5.jpg,"https://m.media-amazon.com/images/I/21irBFnTYoL._SX38_SY50_CR,0,0,38,50_.jpg"
B0DCNWN8NZ,B0DCNWN8NZ_allsrp_img6.jpg,/Users/amankumar/Desktop/Aims/final data/images_all_scraped/B0DCNWN8NZ_allsrp_img6.jpg,https://m.media-amazon.com/images/I/51hCzg4ZW0L._SL1500_.jpg
B0DCNWN8NZ,B0DCNWN8NZ_allsrp_img7.jpg,/Users/amankumar/Desktop/Aims/final data/images_all_scraped/B0DCNWN8NZ_allsrp_img7.jpg,"https://m.media-amazon.com/images/I/21mBHuYOgiL._SX38_SY50_CR,0,0,38,50_.jpg"
B07QJYB8BC,B07QJYB8BC_allsrp_img1.jpg,/Users/amankumar/Desktop/Aims/final data/images_all_scraped/B07QJYB8BC_allsrp_img1.jpg,https://m.media-amazon.com/images/I/31FNekQ11tL._SS40_.jpg
B07QJYB8BC,B07QJYB8BC_allsrp_img2.jpg,/Users/amankumar/Desktop/Aims/final data/images_all_scraped/B07QJYB8BC_allsrp_img2.jpg,https://m.media-amazon.com/images/I/31eiFeP3cYL._SS40_.jpg
B07QJYB8BC,B07QJYB8BC_allsrp_img3.jpg,/Users/amankumar/Desktop/Aims/final data/images_all_scraped/B07QJYB8BC_allsrp_img3.jpg,https://m.media-amazon.com/images/I/71qL++TSatL._SX466_.jpg
B07QJYB8BC,B07QJYB8BC_allsrp_img4.jpg,/Users/amankumar/Desktop/Aims/final data/images_all_scraped/B07QJYB8BC_allsrp_img4.jpg,https://m.media-amazon.com/images/I/71mES0L-5FL._SX425_.jpg
B07QJYB8BC,B07QJYB8BC_allsrp_img5.jpg,/Users/amankumar/Desktop/Aims/final data/images_all_scraped/B07QJYB8BC_allsrp_img5.jpg,https://m.media-amazon.com/images/I/31RlYoWyrSL.jpg
B07QJYB8BC,B07QJYB8BC_allsrp_img6.jpg,/Users/amankumar/Desktop/Aims/final data/images_all_scraped/B07QJYB8BC_allsrp_img6.jpg,https://m.media-amazon.com/images/I/315RgxvMbHL.jpg
B07QJYB8BC,B07QJYB8BC_allsrp_img7.jpg,/Users/amankumar/Desktop/Aims/final data/images_all_scraped/B07QJYB8BC_allsrp_img7.jpg,https://m.media-amazon.com/images/I/41Zr-3JCbeL._SS40_.jpg
B0CD4BRZXW,B0CD4BRZXW_allsrp_img1.jpg,/Users/amankumar/Desktop/Aims/final data/images_all_scraped/B0CD4BRZXW_allsrp_img1.jpg,https://m.media-amazon.com/images/I/61U8qJURf8L._SL1100_.jpg
B0CD4BRZXW,B0CD4BRZXW_allsrp_img2.jpg,/Users/amankumar/Desktop/Aims/final data/images_all_scraped/B0CD4BRZXW_allsrp_img2.jpg,https://m.media-amazon.com/images/I/61P2YQ8Y-4L._SX679_.jpg
B0CD4BRZXW,B0CD4BRZXW_allsrp_img3.jpg,/Users/amankumar/Desktop/Aims/final data/images_all_scraped/B0CD4BRZXW_allsrp_img3.jpg,https://m.media-amazon.com/images/I/61t6Aya1p5L._SL1100_.jpg
B0CD4BRZXW,B0CD4BRZXW_allsrp_img4.jpg,/Users/amankumar/Desktop/Aims/final data/images_all_scraped/B0CD4BRZXW_allsrp_img4.jpg,https://m.media-amazon.com/images/I/6127Q+gKB1L._SX522_.jpg
B0CD4BRZXW,B0CD4BRZXW_allsrp_img5.jpg,/Users/amankumar/Desktop/Aims/final data/images_all_scraped/B0CD4BRZXW_allsrp_img5.jpg,https://m.media-amazon.com/images/I/41B3sJPAFxL.jpg
B0CD4BRZXW,B0CD4BRZXW_allsrp_img6.jpg,/Users/amankumar/Desktop/Aims/final data/images_all_scraped/B0CD4BRZXW_allsrp_img6.jpg,https://m.media-amazon.com/images/I/51nAbVtQiPL._SX679_.jpg
B0CD4BRZXW,B0CD4BRZXW_allsrp_img7.jpg,/Users/amankumar/Desktop/Aims/final data/images_all_scraped/B0CD4BRZXW_allsrp_img7.jpg,https://m.media-amazon.com/images/I/41T+7rn-aYL._SS100_.jpg
B0CBG1YG5F,B0CBG1YG5F_allsrp_img1.jpg,/Users/amankumar/Desktop/Aims/final data/images_all_scraped/B0CBG1YG5F_allsrp_img1.jpg,https://m.media-amazon.com/images/I/61J9Qo4LmcL._SX569_.jpg
B0CBG1YG5F,B0CBG1YG5F_allsrp_img2.jpg,/Users/amankumar/Desktop/Aims/final data/images_all_scraped/B0CBG1YG5F_allsrp_img2.jpg,https://m.media-amazon.com/images/I/818xoO0JR6L._SX425_.jpg
B0CBG1YG5F,B0CBG1YG5F_allsrp_img3.jpg,/Users/amankumar/Desktop/Aims/final data/images_all_scraped/B0CBG1YG5F_allsrp_img3.jpg,https://m.media-amazon.com/images/I/71VnTUK8uFL._SL1500_.jpg
B0CBG1YG5F,B0CBG1YG5F_allsrp_img4.jpg,/Users/amankumar/Desktop/Aims/final data/images_all_scraped/B0CBG1YG5F_allsrp_img4.jpg,https://m.media-amazon.com/images/I/61r-0fdnioL._SL1500_.jpg
B0CBG1YG5F,B0CBG1YG5F_allsrp_img5.jpg,/Users/amankumar/Desktop/Aims/final data/images_all_scraped/B0CBG1YG5F_allsrp_img5.jpg,https://m.media-amazon.com/images/I/81FxA1V9eML._SL1500_.jpg
B0CBG1YG5F,B0CBG1YG5F_allsrp_img6.jpg,/Users/amankumar/Desktop/Aims/final data/images_all_scraped/B0CBG1YG5F_allsrp_img6.jpg,https://m.media-amazon.com/images/I/61LXdoeSvbL._SX466_.jpg
B0CBG1YG5F,B0CBG1YG5F_allsrp_img7.jpg,/Users/amankumar/Desktop/Aims/final data/images_all_scraped/B0CBG1YG5F_allsrp_img7.jpg,"https://m.media-amazon.com/images/I/51YvDsZWZ+L._SX38_SY50_CR,0,0,38,50_.jpg"
B0CCRZPKR1,B0CCRZPKR1_allsrp_img1.jpg,/Users/amankumar/Desktop/Aims/final data/images_all_scraped/B0CCRZPKR1_allsrp_img1.jpg,https://m.media-amazon.com/images/I/71sLOtsK2UL._SX569_.jpg
B0CCRZPKR1,B0CCRZPKR1_allsrp_img2.jpg,/Users/amankumar/Desktop/Aims/final data/images_all_scraped/B0CCRZPKR1_allsrp_img2.jpg,https://m.media-amazon.com/images/I/81W3MD8zwcL._SX425_.jpg
B0CCRZPKR1,B0CCRZPKR1_allsrp_img3.jpg,/Users/amankumar/Desktop/Aims/final data/images_all_scraped/B0CCRZPKR1_allsrp_img3.jpg,https://m.media-amazon.com/images/I/71bRFFsEcvL._SL1500_.jpg
B0CCRZPKR1,B0CCRZPKR1_allsrp_img4.jpg,/Users/amankumar/Desktop/Aims/final data/images_all_scraped/B0CCRZPKR1_allsrp_img4.jpg,https://m.media-amazon.com/images/I/416rv5cNSVL.jpg
B0CCRZPKR1,B0CCRZPKR1_allsrp_img5.jpg,/Users/amankumar/Desktop/Aims/final data/images_all_scraped/B0CCRZPKR1_allsrp_img5.jpg,https://m.media-amazon.com/images/I/514xeEyUAqL._SS40_.jpg
B0CCRZPKR1,B0CCRZPKR1_allsrp_img6.jpg,/Users/amankumar/Desktop/Aims/final data/images_all_scraped/B0CCRZPKR1_allsrp_img6.jpg,https://m.media-amazon.com/images/I/81I8X9cBJzL._SX679_.jpg
B0CCRZPKR1,B0CCRZPKR1_allsrp_img7.jpg,/Users/amankumar/Desktop/Aims/final data/images_all_scraped/B0CCRZPKR1_allsrp_img7.jpg,https://m.media-amazon.com/images/I/41WGicV3+xL._SS40_.jpg
B084BVXCBF,B084BVXCBF_allsrp_img1.jpg,/Users/amankumar/Desktop/Aims/final data/images_all_scraped/B084BVXCBF_allsrp_img1.jpg,https://m.media-amazon.com/images/I/412Wy4K+QcL.jpg
B084BVXCBF,B084BVXCBF_allsrp_img2.jpg,/Users/amankumar/Desktop/Aims/final data/images_all_scraped/B084BVXCBF_allsrp_img2.jpg,https://m.media-amazon.com/images/I/61psBl7rPTL._SX466_.jpg
B084BVXCBF,B084BVXCBF_allsrp_img3.jpg,/Users/amankumar/Desktop/Aims/final data/images_all_scraped/B084BVXCBF_allsrp_img3.jpg,https://m.media-amazon.com/images/I/41J66lGAdOL.jpg
B084BVXCBF,B084BVXCBF_allsrp_img4.jpg,/Users/amankumar/Desktop/Aims/final data/images_all_scraped/B084BVXCBF_allsrp_img4.jpg,https://m.media-amazon.com/images/I/519inROMuwL._SY355_.jpg
B084BVXCBF,B084BVXCBF_allsrp_img5.jpg,/Users/amankumar/Desktop/Aims/final data/images_all_scraped/B084BVXCBF_allsrp_img5.jpg,https://m.media-amazon.com/images/I/41lcWPRy6ZL._SS40_.jpg
B084BVXCBF,B084BVXCBF_allsrp_img6.jpg,/Users/amankumar/Desktop/Aims/final data/images_all_scraped/B084BVXCBF_allsrp_img6.jpg,https://m.media-amazon.com/images/I/51gzMWjUY1L._SX679_.jpg
B084BVXCBF,B084BVXCBF_allsrp_img7.jpg,/Users/amankumar/Desktop/Aims/final data/images_all_scraped/B084BVXCBF_allsrp_img7.jpg,https://m.media-amazon.com/images/I/61kpjNfkIhL._SX679_.jpg
B0DGV465ZW,B0DGV465ZW_allsrp_img1.jpg,/Users/amankumar/Desktop/Aims/final data/images_all_scraped/B0DGV465ZW_allsrp_img1.jpg,https://m.media-amazon.com/images/I/61MXLJNBvYL._SX569_.jpg
B0DGV465ZW,B0DGV465ZW_allsrp_img2.jpg,/Users/amankumar/Desktop/Aims/final data/images_all_scraped/B0DGV465ZW_allsrp_img2.jpg,https://m.media-amazon.com/images/I/71xjsZv9FmL._SL1500_.jpg
B0DGV465ZW,B0DGV465ZW_allsrp_img3.jpg,/Users/amankumar/Desktop/Aims/final data/images_all_scraped/B0DGV465ZW_allsrp_img3.jpg,https://m.media-amazon.com/images/I/31bRqBq0fIL.jpg
B0DGV465ZW,B0DGV465ZW_allsrp_img4.jpg,/Users/amankumar/Desktop/Aims/final data/images_all_scraped/B0DGV465ZW_allsrp_img4.jpg,https://m.media-amazon.com/images/I/61HcONRF9nL._SX569_.jpg
B0DGV465ZW,B0DGV465ZW_allsrp_img5.jpg,/Users/amankumar/Desktop/Aims/final data/images_all_scraped/B0DGV465ZW_allsrp_img5.jpg,https://m.media-amazon.com/images/I/415yLX1nt5L.jpg
B0DGV465ZW,B0DGV465ZW_allsrp_img6.jpg,/Users/amankumar/Desktop/Aims/final data/images_all_scraped/B0DGV465ZW_allsrp_img6.jpg,https://m.media-amazon.com/images/I/51qvYePklsL.jpg
B0DGV465ZW,B0DGV465ZW_allsrp_img7.jpg,/Users/amankumar/Desktop/Aims/final data/images_all_scraped/B0DGV465ZW_allsrp_img7.jpg,https://m.media-amazon.com/images/I/41OaDNqvrVL.jpg
B0D5HGMN72,B0D5HGMN72_allsrp_img1.jpg,/Users/amankumar/Desktop/Aims/final data/images_all_scraped/B0D5HGMN72_allsrp_img1.jpg,https://m.media-amazon.com/images/I/71pjh2yhzyL._SX466_.jpg
B0D5HGMN72,B0D5HGMN72_allsrp_img2.jpg,/Users/amankumar/Desktop/Aims/final data/images_all_scraped/B0D5HGMN72_allsrp_img2.jpg,https://m.media-amazon.com/images/I/71PoaFakghL._SX679_.jpg
B0D5HGMN72,B0D5HGMN72_allsrp_img3.jpg,/Users/amankumar/Desktop/Aims/final data/images_all_scraped/B0D5HGMN72_allsrp_img3.jpg,https://m.media-amazon.com/images/I/41cyUBDOy0L.jpg
B0D5HGMN72,B0D5HGMN72_allsrp_img4.jpg,/Users/amankumar/Desktop/Aims/final data/images_all_scraped/B0D5HGMN72_allsrp_img4.jpg,https://m.media-amazon.com/images/I/41AkzTixcIL.jpg
B0D5HGMN72,B0D5HGMN72_allsrp_img5.jpg,/Users/amankumar/Desktop/Aims/final data/images_all_scraped/B0D5HGMN72_allsrp_img5.jpg,https://m.media-amazon.com/images/I/41oOlYMxz1L._SS40_.jpg
B0D5HGMN72,B0D5HGMN72_allsrp_img6.jpg,/Users/amankumar/Desktop/Aims/final data/images_all_scraped/B0D5HGMN72_allsrp_img6.jpg,https://m.media-amazon.com/images/I/614quIsW-tL._SX466_.jpg
B0D5HGMN72,B0D5HGMN72_allsrp_img7.jpg,/Users/amankumar/Desktop/Aims/final data/images_all_scraped/B0D5HGMN72_allsrp_img7.jpg,https://m.media-amazon.com/images/I/71C8rL7hAIL._SX425_.jpg
B0D1VN2VB7,B0D1VN2VB7_allsrp_img1.jpg,/Users/amankumar/Desktop/Aims/final data/images_all_scraped/B0D1VN2VB7_allsrp_img1.jpg,https://m.media-amazon.com/images/I/31oUoBT0WfL.jpg
B0D1VN2VB7,B0D1VN2VB7_allsrp_img2.jpg,/Users/amankumar/Desktop/Aims/final data/images_all_scraped/B0D1VN2VB7_allsrp_img2.jpg,https://m.media-amazon.com/images/I/51EOLfhuyiL._SX425_.jpg
B0D1VN2VB7,B0D1VN2VB7_allsrp_img3.jpg,/Users/amankumar/Desktop/Aims/final data/images_all_scraped/B0D1VN2VB7_allsrp_img3.jpg,https://m.media-amazon.com/images/I/51yAp4eIqTL._SY355_.jpg
B0D1VN2VB7,B0D1VN2VB7_allsrp_img4.jpg,/Users/amankumar/Desktop/Aims/final data/images_all_scraped/B0D1VN2VB7_allsrp_img4.jpg,https://m.media-amazon.com/images/I/41hljjQbJOL.jpg
B0D1VN2VB7,B0D1VN2VB7_allsrp_img5.jpg,/Users/amankumar/Desktop/Aims/final data/images_all_scraped/B0D1VN2VB7_allsrp_img5.jpg,https://m.media-amazon.com/images/I/51K8eJaYsKL._SX425_.jpg
B0D1VN2VB7,B0D1VN2VB7_allsrp_img6.jpg,/Users/amankumar/Desktop/Aims/final data/images_all_scraped/B0D1VN2VB7_allsrp_img6.jpg,https://m.media-amazon.com/images/I/31AyIL5peyL._SS40_.jpg
B0D1VN2VB7,B0D1VN2VB7_allsrp_img7.jpg,/Users/amankumar/Desktop/Aims/final data/images_all_scraped/B0D1VN2VB7_allsrp_img7.jpg,https://m.media-amazon.com/images/I/41JfyTRMU5L._SS40_.jpg
B0CZF1H82V,B0CZF1H82V_allsrp_img1.jpg,/Users/amankumar/Desktop/Aims/final data/images_all_scraped/B0CZF1H82V_allsrp_img1.jpg,https://m.media-amazon.com/images/I/71+Ehd1itvL._SX569_.jpg
B0CZF1H82V,B0CZF1H82V_allsrp_img2.jpg,/Users/amankumar/Desktop/Aims/final data/images_all_scraped/B0CZF1H82V_allsrp_img2.jpg,https://m.media-amazon.com/images/I/71clRZ2Tl5L._SY450_.jpg
B0CZF1H82V,B0CZF1H82V_allsrp_img3.jpg,/Users/amankumar/Desktop/Aims/final data/images_all_scraped/B0CZF1H82V_allsrp_img3.jpg,https://m.media-amazon.com/images/I/71fhts83BKL._SL1500_.jpg
B0CZF1H82V,B0CZF1H82V_allsrp_img4.jpg,/Users/amankumar/Desktop/Aims/final data/images_all_scraped/B0CZF1H82V_allsrp_img4.jpg,https://m.media-amazon.com/images/I/41cwwpS84tL._SS40_.jpg
B0CZF1H82V,B0CZF1H82V_allsrp_img5.jpg,/Users/amankumar/Desktop/Aims/final data/images_all_scraped/B0CZF1H82V_allsrp_img5.jpg,https://m.media-amazon.com/images/I/315YtzsNPDL._SS40_.jpg
B0CZF1H82V,B0CZF1H82V_allsrp_img6.jpg,/Users/amankumar/Desktop/Aims/final data/images_all_scraped/B0CZF1H82V_allsrp_img6.jpg,https://m.media-amazon.com/images/I/81tTUd4EqyL._SY450_.jpg
B0CZF1H82V,B0CZF1H82V_allsrp_img7.jpg,/Users/amankumar/Desktop/Aims/final data/images_all_scraped/B0CZF1H82V_allsrp_img7.jpg,https://m.media-amazon.com/images/I/41HFqEr055L._SS40_.jpg
B0CWVX1GNX,B0CWVX1GNX_allsrp_img1.jpg,/Users/amankumar/Desktop/Aims/final data/images_all_scraped/B0CWVX1GNX_allsrp_img1.jpg,https://m.media-amazon.com/images/I/81XuRhG0u4L._SX466_.jpg
B0CWVX1GNX,B0CWVX1GNX_allsrp_img2.jpg,/Users/amankumar/Desktop/Aims/final data/images_all_scraped/B0CWVX1GNX_allsrp_img2.jpg,https://m.media-amazon.com/images/I/71cjzbkk1NL._SY450_.jpg
B0CWVX1GNX,B0CWVX1GNX_allsrp_img3.jpg,/Users/amankumar/Desktop/Aims/final data/images_all_scraped/B0CWVX1GNX_allsrp_img3.jpg,https://m.media-amazon.com/images/I/31WSqEyDptL._SS40_.jpg
B0CWVX1GNX,B0CWVX1GNX_allsrp_img4.jpg,/Users/amankumar/Desktop/Aims/final data/images_all_scraped/B0CWVX1GNX_allsrp_img4.jpg,https://m.media-amazon.com/images/I/71uzmM9WvUL._SX425_.jpg
B0CWVX1GNX,B0CWVX1GNX_allsrp_img5.jpg,/Users/amankumar/Desktop/Aims/final data/images_all_scraped/B0CWVX1GNX_allsrp_img5.jpg,https://m.media-amazon.com/images/I/414VrxVHV0L.jpg
B0CWVX1GNX,B0CWVX1GNX_allsrp_img6.jpg,/Users/amankumar/Desktop/Aims/final data/images_all_scraped/B0CWVX1GNX_allsrp_img6.jpg,https://m.media-amazon.com/images/I/81kp3YcM4ML._SX425_.jpg
B0CWVX1GNX,B0CWVX1GNX_allsrp_img7.jpg,/Users/amankumar/Desktop/Aims/final data/images_all_scraped/B0CWVX1GNX_allsrp_img7.jpg,https://m.media-amazon.com/images/I/413ypfCt9VL._SS40_.jpg
B0BS1RT9S2,B0BS1RT9S2_allsrp_img1.jpg,/Users/amankumar/Desktop/Aims/final data/images_all_scraped/B0BS1RT9S2_allsrp_img1.jpg,https://m.media-amazon.com/images/I/811UeUfPYdL._SX522_.jpg
B0BS1RT9S2,B0BS1RT9S2_allsrp_img2.jpg,/Users/amankumar/Desktop/Aims/final data/images_all_scraped/B0BS1RT9S2_allsrp_img2.jpg,https://m.media-amazon.com/images/I/51UBVW9enzL._SX569_.jpg
B0BS1RT9S2,B0BS1RT9S2_allsrp_img3.jpg,/Users/amankumar/Desktop/Aims/final data/images_all_scraped/B0BS1RT9S2_allsrp_img3.jpg,https://m.media-amazon.com/images/I/41HbBZjepVL.jpg
B0BS1RT9S2,B0BS1RT9S2_allsrp_img4.jpg,/Users/amankumar/Desktop/Aims/final data/images_all_scraped/B0BS1RT9S2_allsrp_img4.jpg,https://m.media-amazon.com/images/I/41jR+301vvL._SY450_.jpg
B0BS1RT9S2,B0BS1RT9S2_allsrp_img5.jpg,/Users/amankumar/Desktop/Aims/final data/images_all_scraped/B0BS1RT9S2_allsrp_img5.jpg,https://m.media-amazon.com/images/I/51Xtx2HpemL._SS40_.jpg
B0BS1RT9S2,B0BS1RT9S2_allsrp_img6.jpg,/Users/amankumar/Desktop/Aims/final data/images_all_scraped/B0BS1RT9S2_allsrp_img6.jpg,https://m.media-amazon.com/images/I/81bncfm5veL._SY450_.jpg
B0BS1RT9S2,B0BS1RT9S2_allsrp_img7.jpg,/Users/amankumar/Desktop/Aims/final data/images_all_scraped/B0BS1RT9S2_allsrp_img7.jpg,https://m.media-amazon.com/images/I/71Le-tTWbsL._SX450_.jpg
B0DFHGX8R3,B0DFHGX8R3_allsrp_img1.jpg,/Users/amankumar/Desktop/Aims/final data/images_all_scraped/B0DFHGX8R3_allsrp_img1.jpg,https://m.media-amazon.com/images/I/818PFiCvixL._SY355_.jpg
B0DFHGX8R3,B0DFHGX8R3_allsrp_img2.jpg,/Users/amankumar/Desktop/Aims/final data/images_all_scraped/B0DFHGX8R3_allsrp_img2.jpg,https://m.media-amazon.com/images/I/31TP3LhGyVL.jpg
B0DFHGX8R3,B0DFHGX8R3_allsrp_img3.jpg,/Users/amankumar/Desktop/Aims/final data/images_all_scraped/B0DFHGX8R3_allsrp_img3.jpg,https://m.media-amazon.com/images/I/71736kqvBPL._SX679_.jpg
B0DFHGX8R3,B0DFHGX8R3_allsrp_img4.jpg,/Users/amankumar/Desktop/Aims/final data/images_all_scraped/B0DFHGX8R3_allsrp_img4.jpg,https://m.media-amazon.com/images/I/81RQ5vQPo1L._SX425_.jpg
B0DFHGX8R3,B0DFHGX8R3_allsrp_img5.jpg,/Users/amankumar/Desktop/Aims/final data/images_all_scraped/B0DFHGX8R3_allsrp_img5.jpg,https://m.media-amazon.com/images/I/81v6O+PSWHL._SX522_.jpg
B0DFHGX8R3,B0DFHGX8R3_allsrp_img6.jpg,/Users/amankumar/Desktop/Aims/final data/images_all_scraped/B0DFHGX8R3_allsrp_img6.jpg,https://m.media-amazon.com/images/I/514TJPbhaQL.jpg
B0DFHGX8R3,B0DFHGX8R3_allsrp_img7.jpg,/Users/amankumar/Desktop/Aims/final data/images_all_scraped/B0DFHGX8R3_allsrp_img7.jpg,https://m.media-amazon.com/images/I/81yHfu6T+AL._SL1500_.jpg
B0DFDT1TWC,B0DFDT1TWC_allsrp_img1.jpg,/Users/amankumar/Desktop/Aims/final data/images_all_scraped/B0DFDT1TWC_allsrp_img1.jpg,https://m.media-amazon.com/images/I/81KbNnbCRhL._SX522_.jpg
B0DFDT1TWC,B0DFDT1TWC_allsrp_img2.jpg,/Users/amankumar/Desktop/Aims/final data/images_all_scraped/B0DFDT1TWC_allsrp_img2.jpg,https://m.media-amazon.com/images/I/81zfqfyItfL._SX569_.jpg
B0DFDT1TWC,B0DFDT1TWC_allsrp_img3.jpg,/Users/amankumar/Desktop/Aims/final data/images_all_scraped/B0DFDT1TWC_allsrp_img3.jpg,https://m.media-amazon.com/images/I/81zMt3H4p6L._SX569_.jpg
B0DFDT1TWC,B0DFDT1TWC_allsrp_img4.jpg,/Users/amankumar/Desktop/Aims/final data/images_all_scraped/B0DFDT1TWC_allsrp_img4.jpg,https://m.media-amazon.com/images/I/71Sd-TD1lPL._SX522_.jpg
B0DFDT1TWC,B0DFDT1TWC_allsrp_img5.jpg,/Users/amankumar/Desktop/Aims/final data/images_all_scraped/B0DFDT1TWC_allsrp_img5.jpg,https://m.media-amazon.com/images/I/41M-gkKkkuL.jpg
B0DFDT1TWC,B0DFDT1TWC_allsrp_img6.jpg,/Users/amankumar/Desktop/Aims/final data/images_all_scraped/B0DFDT1TWC_allsrp_img6.jpg,https://m.media-amazon.com/images/I/81M31hLf2NL._SX466_.jpg
B0DFDT1TWC,B0DFDT1TWC_allsrp_img7.jpg,/Users/amankumar/Desktop/Aims/final data/images_all_scraped/B0DFDT1TWC_allsrp_img7.jpg,https://m.media-amazon.com/images/I/818W9Q94jrL._SY355_.jpg
B08CHPGTSF,B08CHPGTSF_allsrp_img1.jpg,/Users/amankumar/Desktop/Aims/final data/images_all_scraped/B08CHPGTSF_allsrp_img1.jpg,https://m.media-amazon.com/images/I/71CukwStJOL._SY450_.jpg
B08CHPGTSF,B08CHPGTSF_allsrp_img2.jpg,/Users/amankumar/Desktop/Aims/final data/images_all_scraped/B08CHPGTSF_allsrp_img2.jpg,https://m.media-amazon.com/images/I/81mCmThCQuL._SX679_.jpg
B08CHPGTSF,B08CHPGTSF_allsrp_img3.jpg,/Users/amankumar/Desktop/Aims/final data/images_all_scraped/B08CHPGTSF_allsrp_img3.jpg,https://m.media-amazon.com/images/I/81-Kpn51+ML._SY355_.jpg
B08CHPGTSF,B08CHPGTSF_allsrp_img4.jpg,/Users/amankumar/Desktop/Aims/final data/images_all_scraped/B08CHPGTSF_allsrp_img4.jpg,https://m.media-amazon.com/images/I/41xGVMrS8kL.jpg
B08CHPGTSF,B08CHPGTSF_allsrp_img5.jpg,/Users/amankumar/Desktop/Aims/final data/images_all_scraped/B08CHPGTSF_allsrp_img5.jpg,https://m.media-amazon.com/images/I/41he7Br9yFL.jpg
B08CHPGTSF,B08CHPGTSF_allsrp_img6.jpg,/Users/amankumar/Desktop/Aims/final data/images_all_scraped/B08CHPGTSF_allsrp_img6.jpg,https://m.media-amazon.com/images/I/41BHjwUSHCL._SS40_.jpg
B08CHPGTSF,B08CHPGTSF_allsrp_img7.jpg,/Users/amankumar/Desktop/Aims/final data/images_all_scraped/B08CHPGTSF_allsrp_img7.jpg,https://m.media-amazon.com/images/I/71j8uK5UNTL._SY355_.jpg
B0D5HJNQD9,B0D5HJNQD9_allsrp_img1.jpg,/Users/amankumar/Desktop/Aims/final data/images_all_scraped/B0D5HJNQD9_allsrp_img1.jpg,https://m.media-amazon.com/images/I/614fed5NnKL._SY450_.jpg
B0D5HJNQD9,B0D5HJNQD9_allsrp_img2.jpg,/Users/amankumar/Desktop/Aims/final data/images_all_scraped/B0D5HJNQD9_allsrp_img2.jpg,https://m.media-amazon.com/images/I/7144QIGqwuL._SX466_.jpg
B0D5HJNQD9,B0D5HJNQD9_allsrp_img3.jpg,/Users/amankumar/Desktop/Aims/final data/images_all_scraped/B0D5HJNQD9_allsrp_img3.jpg,https://m.media-amazon.com/images/I/71-1+SOPHpL._SX679_.jpg
B0D5HJNQD9,B0D5HJNQD9_allsrp_img4.jpg,/Users/amankumar/Desktop/Aims/final data/images_all_scraped/B0D5HJNQD9_allsrp_img4.jpg,https://m.media-amazon.com/images/I/41cyUBDOy0L.jpg
B0D5HJNQD9,B0D5HJNQD9_allsrp_img5.jpg,/Users/amankumar/Desktop/Aims/final data/images_all_scraped/B0D5HJNQD9_allsrp_img5.jpg,https://m.media-amazon.com/images/I/41J-kEfMG9L.jpg
B0D5HJNQD9,B0D5HJNQD9_allsrp_img6.jpg,/Users/amankumar/Desktop/Aims/final data/images_all_scraped/B0D5HJNQD9_allsrp_img6.jpg,https://m.media-amazon.com/images/I/41mOrHP61YL.jpg
B0D5HJNQD9,B0D5HJNQD9_allsrp_img7.jpg,/Users/amankumar/Desktop/Aims/final data/images_all_scraped/B0D5HJNQD9_allsrp_img7.jpg,https://m.media-amazon.com/images/I/71C8rL7hAIL._SX425_.jpg
B0B5RL2G3S,B0B5RL2G3S_allsrp_img1.jpg,/Users/amankumar/Desktop/Aims/final data/images_all_scraped/B0B5RL2G3S_allsrp_img1.jpg,https://m.media-amazon.com/images/I/71mhR8Gb1kL._SX425_.jpg
B0B5RL2G3S,B0B5RL2G3S_allsrp_img2.jpg,/Users/amankumar/Desktop/Aims/final data/images_all_scraped/B0B5RL2G3S_allsrp_img2.jpg,https://m.media-amazon.com/images/I/717l8t+5dEL._SL1500_.jpg
B0B5RL2G3S,B0B5RL2G3S_allsrp_img3.jpg,/Users/amankumar/Desktop/Aims/final data/images_all_scraped/B0B5RL2G3S_allsrp_img3.jpg,https://m.media-amazon.com/images/I/41x390ObJ+L._SS40_.jpg
B0B5RL2G3S,B0B5RL2G3S_allsrp_img4.jpg,/Users/amankumar/Desktop/Aims/final data/images_all_scraped/B0B5RL2G3S_allsrp_img4.jpg,https://m.media-amazon.com/images/I/61iuQZxzcCL._SX679_.jpg
B0B5RL2G3S,B0B5RL2G3S_allsrp_img5.jpg,/Users/amankumar/Desktop/Aims/final data/images_all_scraped/B0B5RL2G3S_allsrp_img5.jpg,https://m.media-amazon.com/images/I/41kEh9I7L9L.jpg
B0B5RL2G3S,B0B5RL2G3S_allsrp_img6.jpg,/Users/amankumar/Desktop/Aims/final data/images_all_scraped/B0B5RL2G3S_allsrp_img6.jpg,https://m.media-amazon.com/images/I/81oDuRn+BgL._SY355_.jpg
B0B5RL2G3S,B0B5RL2G3S_allsrp_img7.jpg,/Users/amankumar/Desktop/Aims/final data/images_all_scraped/B0B5RL2G3S_allsrp_img7.jpg,https://m.media-amazon.com/images/I/71D1EB5iDzL._SX679_.jpg
B07GQD4K6L,B07GQD4K6L_allsrp_img1.jpg,/Users/amankumar/Desktop/Aims/final data/images_all_scraped/B07GQD4K6L_allsrp_img1.jpg,https://m.media-amazon.com/images/I/314FM4nXQXL.jpg
B07GQD4K6L,B07GQD4K6L_allsrp_img2.jpg,/Users/amankumar/Desktop/Aims/final data/images_all_scraped/B07GQD4K6L_allsrp_img2.jpg,https://m.media-amazon.com/images/I/71sNp5lXwzL._SY450_.jpg
B07GQD4K6L,B07GQD4K6L_allsrp_img3.jpg,/Users/amankumar/Desktop/Aims/final data/images_all_scraped/B07GQD4K6L_allsrp_img3.jpg,https://m.media-amazon.com/images/I/41DjQTGMzKL._SS40_.jpg
B07GQD4K6L,B07GQD4K6L_allsrp_img4.jpg,/Users/amankumar/Desktop/Aims/final data/images_all_scraped/B07GQD4K6L_allsrp_img4.jpg,https://m.media-amazon.com/images/I/31HuDXijkvL._SS40_.jpg
B07GQD4K6L,B07GQD4K6L_allsrp_img5.jpg,/Users/amankumar/Desktop/Aims/final data/images_all_scraped/B07GQD4K6L_allsrp_img5.jpg,https://m.media-amazon.com/images/I/41W9Zaky-lL.jpg
B07GQD4K6L,B07GQD4K6L_allsrp_img6.jpg,/Users/amankumar/Desktop/Aims/final data/images_all_scraped/B07GQD4K6L_allsrp_img6.jpg,https://m.media-amazon.com/images/I/51wNj92U9NL._SY355_.jpg
B07GQD4K6L,B07GQD4K6L_allsrp_img7.jpg,/Users/amankumar/Desktop/Aims/final data/images_all_scraped/B07GQD4K6L_allsrp_img7.jpg,https://m.media-amazon.com/images/I/71TVGbJAVmL._SL1500_.jpg
B0BS74M665,B0BS74M665_allsrp_img1.jpg,/Users/amankumar/Desktop/Aims/final data/images_all_scraped/B0BS74M665_allsrp_img1.jpg,https://m.media-amazon.com/images/I/41syo-ZDVhL._SS40_.jpg
B0BS74M665,B0BS74M665_allsrp_img2.jpg,/Users/amankumar/Desktop/Aims/final data/images_all_scraped/B0BS74M665_allsrp_img2.jpg,https://m.media-amazon.com/images/I/31PFiCIw3WL.jpg
B0BS74M665,B0BS74M665_allsrp_img3.jpg,/Users/amankumar/Desktop/Aims/final data/images_all_scraped/B0BS74M665_allsrp_img3.jpg,https://m.media-amazon.com/images/I/71l4F-4Mc2L._SY450_.jpg
B0BS74M665,B0BS74M665_allsrp_img4.jpg,/Users/amankumar/Desktop/Aims/final data/images_all_scraped/B0BS74M665_allsrp_img4.jpg,https://m.media-amazon.com/images/I/91hx2gnY0qL._SX522_.jpg
B0BS74M665,B0BS74M665_allsrp_img5.jpg,/Users/amankumar/Desktop/Aims/final data/images_all_scraped/B0BS74M665_allsrp_img5.jpg,https://m.media-amazon.com/images/I/4171WaQqNBL.jpg
B0BS74M665,B0BS74M665_allsrp_img6.jpg,/Users/amankumar/Desktop/Aims/final data/images_all_scraped/B0BS74M665_allsrp_img6.jpg,https://m.media-amazon.com/images/I/41wgFRtWyaL._SX522_.jpg
B0BS74M665,B0BS74M665_allsrp_img7.jpg,/Users/amankumar/Desktop/Aims/final data/images_all_scraped/B0BS74M665_allsrp_img7.jpg,https://m.media-amazon.com/images/I/41vJBEc0FtL._SS40_.jpg
B08KHT2HDT,B08KHT2HDT_allsrp_img1.jpg,/Users/amankumar/Desktop/Aims/final data/images_all_scraped/B08KHT2HDT_allsrp_img1.jpg,https://m.media-amazon.com/images/I/41+VIYWCAeL.jpg
B08KHT2HDT,B08KHT2HDT_allsrp_img2.jpg,/Users/amankumar/Desktop/Aims/final data/images_all_scraped/B08KHT2HDT_allsrp_img2.jpg,https://m.media-amazon.com/images/I/71TJ0btVDJL._SX569_.jpg
B08KHT2HDT,B08KHT2HDT_allsrp_img3.jpg,/Users/amankumar/Desktop/Aims/final data/images_all_scraped/B08KHT2HDT_allsrp_img3.jpg,https://m.media-amazon.com/images/I/81vMw-QLpYL._SX522_.jpg
B08KHT2HDT,B08KHT2HDT_allsrp_img4.jpg,/Users/amankumar/Desktop/Aims/final data/images_all_scraped/B08KHT2HDT_allsrp_img4.jpg,https://m.media-amazon.com/images/I/71mTfSKhhTL._SL1500_.jpg
B08KHT2HDT,B08KHT2HDT_allsrp_img5.jpg,/Users/amankumar/Desktop/Aims/final data/images_all_scraped/B08KHT2HDT_allsrp_img5.jpg,https://m.media-amazon.com/images/I/81O14QSsMXL._SX569_.jpg
B08KHT2HDT,B08KHT2HDT_allsrp_img6.jpg,/Users/amankumar/Desktop/Aims/final data/images_all_scraped/B08KHT2HDT_allsrp_img6.jpg,https://m.media-amazon.com/images/I/31oAN1QgifL._SS40_.jpg
B08KHT2HDT,B08KHT2HDT_allsrp_img7.jpg,/Users/amankumar/Desktop/Aims/final data/images_all_scraped/B08KHT2HDT_allsrp_img7.jpg,https://m.media-amazon.com/images/I/21Hto1F6bNL._SS40_.jpg
B0CVGYY9DM,B0CVGYY9DM_allsrp_img1.jpg,/Users/amankumar/Desktop/Aims/final data/images_all_scraped/B0CVGYY9DM_allsrp_img1.jpg,https://m.media-amazon.com/images/I/81KIXlTwbXL._SY450_.jpg
B0CVGYY9DM,B0CVGYY9DM_allsrp_img2.jpg,/Users/amankumar/Desktop/Aims/final data/images_all_scraped/B0CVGYY9DM_allsrp_img2.jpg,https://m.media-amazon.com/images/I/71eodAbQGpL._SX466_.jpg
B0CVGYY9DM,B0CVGYY9DM_allsrp_img3.jpg,/Users/amankumar/Desktop/Aims/final data/images_all_scraped/B0CVGYY9DM_allsrp_img3.jpg,https://m.media-amazon.com/images/I/71BmyXQ2KAL._SX679_.jpg
B0CVGYY9DM,B0CVGYY9DM_allsrp_img4.jpg,/Users/amankumar/Desktop/Aims/final data/images_all_scraped/B0CVGYY9DM_allsrp_img4.jpg,https://m.media-amazon.com/images/I/51mnzri0RyL._SS40_.jpg
B0CVGYY9DM,B0CVGYY9DM_allsrp_img5.jpg,/Users/amankumar/Desktop/Aims/final data/images_all_scraped/B0CVGYY9DM_allsrp_img5.jpg,https://m.media-amazon.com/images/I/71HxrDBNm3L._SY450_.jpg
B0CVGYY9DM,B0CVGYY9DM_allsrp_img6.jpg,/Users/amankumar/Desktop/Aims/final data/images_all_scraped/B0CVGYY9DM_allsrp_img6.jpg,https://m.media-amazon.com/images/I/61yv8wDBr8L._SX569_.jpg
B0CVGYY9DM,B0CVGYY9DM_allsrp_img7.jpg,/Users/amankumar/Desktop/Aims/final data/images_all_scraped/B0CVGYY9DM_allsrp_img7.jpg,https://m.media-amazon.com/images/I/71s4Iv38J8L._SX425_.jpg
B0C3HCD34R,B0C3HCD34R_allsrp_img1.jpg,/Users/amankumar/Desktop/Aims/final data/images_all_scraped/B0C3HCD34R_allsrp_img1.jpg,https://m.media-amazon.com/images/I/41jcCpExIzL.jpg
B0C3HCD34R,B0C3HCD34R_allsrp_img2.jpg,/Users/amankumar/Desktop/Aims/final data/images_all_scraped/B0C3HCD34R_allsrp_img2.jpg,https://m.media-amazon.com/images/I/41ZJ-PtHj2L._SS40_.jpg
B0C3HCD34R,B0C3HCD34R_allsrp_img3.jpg,/Users/amankumar/Desktop/Aims/final data/images_all_scraped/B0C3HCD34R_allsrp_img3.jpg,https://m.media-amazon.com/images/I/51F8qRzaAUL._SS40_.jpg
B0C3HCD34R,B0C3HCD34R_allsrp_img4.jpg,/Users/amankumar/Desktop/Aims/final data/images_all_scraped/B0C3HCD34R_allsrp_img4.jpg,https://m.media-amazon.com/images/I/51rrwsr5PTL.jpg
B0C3HCD34R,B0C3HCD34R_allsrp_img5.jpg,/Users/amankumar/Desktop/Aims/final data/images_all_scraped/B0C3HCD34R_allsrp_img5.jpg,https://m.media-amazon.com/images/I/51uk6LRlRlL.jpg
B0C3HCD34R,B0C3HCD34R_allsrp_img6.jpg,/Users/amankumar/Desktop/Aims/final data/images_all_scraped/B0C3HCD34R_allsrp_img6.jpg,https://m.media-amazon.com/images/I/71hjM8o8zbL._SX679_.jpg
B0C3HCD34R,B0C3HCD34R_allsrp_img7.jpg,/Users/amankumar/Desktop/Aims/final data/images_all_scraped/B0C3HCD34R_allsrp_img7.jpg,https://m.media-amazon.com/images/I/71QXtDpn+5L._SL1500_.jpg
B0D2HKCMBP,B0D2HKCMBP_allsrp_img1.jpg,/Users/amankumar/Desktop/Aims/final data/images_all_scraped/B0D2HKCMBP_allsrp_img1.jpg,https://m.media-amazon.com/images/I/81biovtO0jL._SX425_.jpg
B0D2HKCMBP,B0D2HKCMBP_allsrp_img2.jpg,/Users/amankumar/Desktop/Aims/final data/images_all_scraped/B0D2HKCMBP_allsrp_img2.jpg,https://m.media-amazon.com/images/I/61rHVYigOSL._SX466_.jpg
B0D2HKCMBP,B0D2HKCMBP_allsrp_img3.jpg,/Users/amankumar/Desktop/Aims/final data/images_all_scraped/B0D2HKCMBP_allsrp_img3.jpg,https://m.media-amazon.com/images/I/71pHFZ9WkGL._SY450_.jpg
B0D2HKCMBP,B0D2HKCMBP_allsrp_img4.jpg,/Users/amankumar/Desktop/Aims/final data/images_all_scraped/B0D2HKCMBP_allsrp_img4.jpg,https://m.media-amazon.com/images/I/212C4tzT1dL._SS40_.jpg
B0D2HKCMBP,B0D2HKCMBP_allsrp_img5.jpg,/Users/amankumar/Desktop/Aims/final data/images_all_scraped/B0D2HKCMBP_allsrp_img5.jpg,https://m.media-amazon.com/images/I/41ibYP+-0SL.jpg
B0D2HKCMBP,B0D2HKCMBP_allsrp_img6.jpg,/Users/amankumar/Desktop/Aims/final data/images_all_scraped/B0D2HKCMBP_allsrp_img6.jpg,https://m.media-amazon.com/images/I/41AXFRdMOZL._SS40_.jpg
B0D2HKCMBP,B0D2HKCMBP_allsrp_img7.jpg,/Users/amankumar/Desktop/Aims/final data/images_all_scraped/B0D2HKCMBP_allsrp_img7.jpg,https://m.media-amazon.com/images/I/41M1ovZeqWL.jpg
B0DGTT5733,B0DGTT5733_allsrp_img1.jpg,/Users/amankumar/Desktop/Aims/final data/images_all_scraped/B0DGTT5733_allsrp_img1.jpg,https://m.media-amazon.com/images/I/7116DmqUusL._SX522_.jpg
B0DGTT5733,B0DGTT5733_allsrp_img2.jpg,/Users/amankumar/Desktop/Aims/final data/images_all_scraped/B0DGTT5733_allsrp_img2.jpg,https://m.media-amazon.com/images/I/61RyfuAb4dL._SY355_.jpg
B0DGTT5733,B0DGTT5733_allsrp_img3.jpg,/Users/amankumar/Desktop/Aims/final data/images_all_scraped/B0DGTT5733_allsrp_img3.jpg,https://m.media-amazon.com/images/I/71tZWGNlPyL._SX466_.jpg
B0DGTT5733,B0DGTT5733_allsrp_img4.jpg,/Users/amankumar/Desktop/Aims/final data/images_all_scraped/B0DGTT5733_allsrp_img4.jpg,https://m.media-amazon.com/images/I/71hF-xSnWdL._SX522_.jpg
B0DGTT5733,B0DGTT5733_allsrp_img5.jpg,/Users/amankumar/Desktop/Aims/final data/images_all_scraped/B0DGTT5733_allsrp_img5.jpg,https://m.media-amazon.com/images/I/61LGTOq-neL._SX522_.jpg
B0DGTT5733,B0DGTT5733_allsrp_img6.jpg,/Users/amankumar/Desktop/Aims/final data/images_all_scraped/B0DGTT5733_allsrp_img6.jpg,https://m.media-amazon.com/images/I/615Nf7elqQL._SX466_.jpg
B0DGTT5733,B0DGTT5733_allsrp_img7.jpg,/Users/amankumar/Desktop/Aims/final data/images_all_scraped/B0DGTT5733_allsrp_img7.jpg,https://m.media-amazon.com/images/I/81+VA2+XVZL._SY450_.jpg
B0CD1FHLMH,B0CD1FHLMH_allsrp_img1.jpg,/Users/amankumar/Desktop/Aims/final data/images_all_scraped/B0CD1FHLMH_allsrp_img1.jpg,https://m.media-amazon.com/images/I/61SNaslx5FL._SY355_.jpg
B0CD1FHLMH,B0CD1FHLMH_allsrp_img2.jpg,/Users/amankumar/Desktop/Aims/final data/images_all_scraped/B0CD1FHLMH_allsrp_img2.jpg,https://m.media-amazon.com/images/I/31si1qniyuL.jpg
B0CD1FHLMH,B0CD1FHLMH_allsrp_img3.jpg,/Users/amankumar/Desktop/Aims/final data/images_all_scraped/B0CD1FHLMH_allsrp_img3.jpg,https://m.media-amazon.com/images/I/418qfBsN+qL.jpg
B0CD1FHLMH,B0CD1FHLMH_allsrp_img4.jpg,/Users/amankumar/Desktop/Aims/final data/images_all_scraped/B0CD1FHLMH_allsrp_img4.jpg,https://m.media-amazon.com/images/I/71DvXO55kRL._SY355_.jpg
B0CD1FHLMH,B0CD1FHLMH_allsrp_img5.jpg,/Users/amankumar/Desktop/Aims/final data/images_all_scraped/B0CD1FHLMH_allsrp_img5.jpg,https://m.media-amazon.com/images/I/811+EZ6UodL._SX679_.jpg
B0CD1FHLMH,B0CD1FHLMH_allsrp_img6.jpg,/Users/amankumar/Desktop/Aims/final data/images_all_scraped/B0CD1FHLMH_allsrp_img6.jpg,https://m.media-amazon.com/images/I/71EO+cy-PKL._SY355_.jpg
B0CD1FHLMH,B0CD1FHLMH_allsrp_img7.jpg,/Users/amankumar/Desktop/Aims/final data/images_all_scraped/B0CD1FHLMH_allsrp_img7.jpg,https://m.media-amazon.com/images/I/31DPJfHzdwL._SS40_.jpg
B0CCZ1HQ39,B0CCZ1HQ39_allsrp_img1.jpg,/Users/amankumar/Desktop/Aims/final data/images_all_scraped/B0CCZ1HQ39_allsrp_img1.jpg,https://m.media-amazon.com/images/I/41MpSeR7i9L._SX450_.jpg
B0CCZ1HQ39,B0CCZ1HQ39_allsrp_img2.jpg,/Users/amankumar/Desktop/Aims/final data/images_all_scraped/B0CCZ1HQ39_allsrp_img2.jpg,https://m.media-amazon.com/images/I/61ARqaLBktL._SX425_.jpg
B0CCZ1HQ39,B0CCZ1HQ39_allsrp_img3.jpg,/Users/amankumar/Desktop/Aims/final data/images_all_scraped/B0CCZ1HQ39_allsrp_img3.jpg,https://m.media-amazon.com/images/I/51AYjJpFSuL._SX450_.jpg
B0CCZ1HQ39,B0CCZ1HQ39_allsrp_img4.jpg,/Users/amankumar/Desktop/Aims/final data/images_all_scraped/B0CCZ1HQ39_allsrp_img4.jpg,https://m.media-amazon.com/images/I/71SBQ9hBnmL._SX522_.jpg
B0CCZ1HQ39,B0CCZ1HQ39_allsrp_img5.jpg,/Users/amankumar/Desktop/Aims/final data/images_all_scraped/B0CCZ1HQ39_allsrp_img5.jpg,https://m.media-amazon.com/images/I/51JZWUbq9OL._SX679_.jpg
B0CCZ1HQ39,B0CCZ1HQ39_allsrp_img6.jpg,/Users/amankumar/Desktop/Aims/final data/images_all_scraped/B0CCZ1HQ39_allsrp_img6.jpg,https://m.media-amazon.com/images/I/41GC00EqFIL.jpg
B0CCZ1HQ39,B0CCZ1HQ39_allsrp_img7.jpg,/Users/amankumar/Desktop/Aims/final data/images_all_scraped/B0CCZ1HQ39_allsrp_img7.jpg,https://m.media-amazon.com/images/I/31hOK336e9L.jpg
