product_id,image_path,ocr_text
B09QL3NQHX,/Users/amankumar/Desktop/Aims/final data/images_all_scraped/B09QL3NQHX_allsrp_img1.jpg,"Low Latency Mode
w/ Dedicated Button"
B09QL3NQHX,/Users/amankumar/Desktop/Aims/final data/images_all_scraped/B09QL3NQHX_allsrp_img2.jpg,"Bluetooth v5.2

Switch between devices
with Dual Pairing

Adaptive Fit

No compromise on comfort

Easy Access

Controls
Change the track,
stop music & increase
or decrease volume.

7 ‘ J ‘ y

Instant
Voice Assistant

e;

OK Googte Hey Sirl"
B09QL3NQHX,/Users/amankumar/Desktop/Aims/final data/images_all_scraped/B09QL3NQHX_allsrp_img3.jpg,"ENx™ Technology
Be Clearly Heard Across Calls"
B09QL3NQHX,/Users/amankumar/Desktop/Aims/final data/images_all_scraped/B09QL3NQHX_allsrp_img4.jpg,
B09QL3NQHX,/Users/amankumar/Desktop/Aims/final data/images_all_scraped/B09QL3NQHX_allsrp_img5.jpg,
B09QL3NQHX,/Users/amankumar/Desktop/Aims/final data/images_all_scraped/B09QL3NQHX_allsrp_img6.jpg,"Upto —
Total Playback Time

oO a

Charge with Type C

10Mins - 10Hrs
CHARGE PLAYTIME"
B09QL3NQHX,/Users/amankumar/Desktop/Aims/final data/images_all_scraped/B09QL3NQHX_allsrp_img7.jpg,
B07PR1CL3S,/Users/amankumar/Desktop/Aims/final data/images_all_scraped/B07PR1CL3S_allsrp_img1.jpg,
B07PR1CL3S,/Users/amankumar/Desktop/Aims/final data/images_all_scraped/B07PR1CL3S_allsrp_img2.jpg,
B07PR1CL3S,/Users/amankumar/Desktop/Aims/final data/images_all_scraped/B07PR1CL3S_allsrp_img3.jpg,"40mm Drivers
boAt Signature Sound

Integrated Controls _~ Premium

Dual Connectivity: BT & AUX Matte Finish

: Mi f,. ‘ Adjustable &

Foldable Earcups

SINGLE TOUCH
VOICE ASSISTANT"
B07PR1CL3S,/Users/amankumar/Desktop/Aims/final data/images_all_scraped/B07PR1CL3S_allsrp_img4.jpg,Premium Matte Finish
B07PR1CL3S,/Users/amankumar/Desktop/Aims/final data/images_all_scraped/B07PR1CL3S_allsrp_img5.jpg,"Integrated Controls
Dual Connectivity: Bluetooth & AUX"
B07PR1CL3S,/Users/amankumar/Desktop/Aims/final data/images_all_scraped/B07PR1CL3S_allsrp_img6.jpg,
B07PR1CL3S,/Users/amankumar/Desktop/Aims/final data/images_all_scraped/B07PR1CL3S_allsrp_img7.jpg,
B09R24JBYV,/Users/amankumar/Desktop/Aims/final data/images_all_scraped/B09R24JBYV_allsrp_img1.jpg,Deep Bass
B09R24JBYV,/Users/amankumar/Desktop/Aims/final data/images_all_scraped/B09R24JBYV_allsrp_img2.jpg,
B09R24JBYV,/Users/amankumar/Desktop/Aims/final data/images_all_scraped/B09R24JBYV_allsrp_img3.jpg,"10mm
Driver"
B09R24JBYV,/Users/amankumar/Desktop/Aims/final data/images_all_scraped/B09R24JBYV_allsrp_img4.jpg,"Call function
with built-in Mic |

} |"
B09R24JBYV,/Users/amankumar/Desktop/Aims/final data/images_all_scraped/B09R24JBYV_allsrp_img5.jpg,"fi

Call function
with built-in Mic"
B09R24JBYV,/Users/amankumar/Desktop/Aims/final data/images_all_scraped/B09R24JBYV_allsrp_img6.jpg,"10mm
Driver"
B09R24JBYV,/Users/amankumar/Desktop/Aims/final data/images_all_scraped/B09R24JBYV_allsrp_img7.jpg,
B0DGTSTQWL,/Users/amankumar/Desktop/Aims/final data/images_all_scraped/B0DGTSTQWL_allsrp_img1.jpg,"BEAST™ Mode

40ms Low Latency Gaming"
B0DGTSTQWL,/Users/amankumar/Desktop/Aims/final data/images_all_scraped/B0DGTSTQWL_allsrp_img2.jpg,
B0DGTSTQWL,/Users/amankumar/Desktop/Aims/final data/images_all_scraped/B0DGTSTQWL_allsrp_img3.jpg,"Mab rivers
end

BEAST™ Mode

40ms Low Latency Gaming"
B0DGTSTQWL,/Users/amankumar/Desktop/Aims/final data/images_all_scraped/B0DGTSTQWL_allsrp_img4.jpg,_omm Drivers N
B0DGTSTQWL,/Users/amankumar/Desktop/Aims/final data/images_all_scraped/B0DGTSTQWL_allsrp_img5.jpg,
B0DGTSTQWL,/Users/amankumar/Desktop/Aims/final data/images_all_scraped/B0DGTSTQWL_allsrp_img6.jpg,
B0DGTSTQWL,/Users/amankumar/Desktop/Aims/final data/images_all_scraped/B0DGTSTQWL_allsrp_img7.jpg,"6

Lesy Access Controls Adaptive Fit

Blueraoln
v5.4

Voice Assistant

_ rf]

Type-€ Inte"
B00Y4ORQ46,/Users/amankumar/Desktop/Aims/final data/images_all_scraped/B00Y4ORQ46_allsrp_img1.jpg,"STEREO SOUND

Enjoy clear calls, music and more"
B00Y4ORQ46,/Users/amankumar/Desktop/Aims/final data/images_all_scraped/B00Y4ORQ46_allsrp_img2.jpg,
B00Y4ORQ46,/Users/amankumar/Desktop/Aims/final data/images_all_scraped/B00Y4ORQ46_allsrp_img3.jpg,
B00Y4ORQ46,/Users/amankumar/Desktop/Aims/final data/images_all_scraped/B00Y4ORQ46_allsrp_img4.jpg,"ADJUSTABLE HEADBAND

For a perfect, personalized fit"
B00Y4ORQ46,/Users/amankumar/Desktop/Aims/final data/images_all_scraped/B00Y4ORQ46_allsrp_img5.jpg,"STEREO SOUND

Enjoy clear calls, musi¢ and more"
B00Y4ORQ46,/Users/amankumar/Desktop/Aims/final data/images_all_scraped/B00Y4ORQ46_allsrp_img6.jpg,"BOOM MICROPHONE

Adjusts 180° to wear on feft or right side"
B00Y4ORQ46,/Users/amankumar/Desktop/Aims/final data/images_all_scraped/B00Y4ORQ46_allsrp_img7.jpg,"CUSHIONED COMFORT

Soft foorn earpads"
B0BS1PRC4L,/Users/amankumar/Desktop/Aims/final data/images_all_scraped/B0BS1PRC4L_allsrp_img1.jpg,
B0BS1PRC4L,/Users/amankumar/Desktop/Aims/final data/images_all_scraped/B0BS1PRC4L_allsrp_img2.jpg,"LISTEN LONGER

e Up to 50 hours battery life”
Bmins charge for@ to 90 njiplayback’

* Actual performance varies based on settings, environmental conditions, storage, and usage.
Batteries are consumable products and their capacity degrades over time as they age. Sony does not guarantee the life span of the battery."
B0BS1PRC4L,/Users/amankumar/Desktop/Aims/final data/images_all_scraped/B0BS1PRC4L_allsrp_img3.jpg,
B0BS1PRC4L,/Users/amankumar/Desktop/Aims/final data/images_all_scraped/B0BS1PRC4L_allsrp_img4.jpg,
B0BS1PRC4L,/Users/amankumar/Desktop/Aims/final data/images_all_scraped/B0BS1PRC4L_allsrp_img5.jpg,"EASY HANDS-FREE CALLING

Built-in microphone’"
B0BS1PRC4L,/Users/amankumar/Desktop/Aims/final data/images_all_scraped/B0BS1PRC4L_allsrp_img6.jpg,
B0BS1PRC4L,/Users/amankumar/Desktop/Aims/final data/images_all_scraped/B0BS1PRC4L_allsrp_img7.jpg,"ALL DAY COMFORT

Comfortable, lightweight design"
B086671ZSR,/Users/amankumar/Desktop/Aims/final data/images_all_scraped/B086671ZSR_allsrp_img1.jpg,
B086671ZSR,/Users/amankumar/Desktop/Aims/final data/images_all_scraped/B086671ZSR_allsrp_img2.jpg,
B086671ZSR,/Users/amankumar/Desktop/Aims/final data/images_all_scraped/B086671ZSR_allsrp_img3.jpg,"Controles Integrados

Bluetooth

Auxiliar

Fones de ouvido ajustaveis

Defina um alarr

“ALO SIRIr

“OK GOOGLE”

Assistente de voz de toque unico"
B086671ZSR,/Users/amankumar/Desktop/Aims/final data/images_all_scraped/B086671ZSR_allsrp_img4.jpg,
B086671ZSR,/Users/amankumar/Desktop/Aims/final data/images_all_scraped/B086671ZSR_allsrp_img5.jpg,"Destaques

rapidos do produto

Drivers
de 40 mm -

15 horas

de reproduga

Faixa de cabecga
adaptativa

oles
operacionais *
faceis

Bateria de

300mAh"
B086671ZSR,/Users/amankumar/Desktop/Aims/final data/images_all_scraped/B086671ZSR_allsrp_img6.jpg,"Design leve

Almofadas de ouvido acolchoadas"
B086671ZSR,/Users/amankumar/Desktop/Aims/final data/images_all_scraped/B086671ZSR_allsrp_img7.jpg,
B0DHDDF5J2,/Users/amankumar/Desktop/Aims/final data/images_all_scraped/B0DHDDF5J2_allsrp_img1.jpg,"Unidirectional
Picks up sound fr

ete
wane
cee
erent

= ae"
B0DHDDF5J2,/Users/amankumar/Desktop/Aims/final data/images_all_scraped/B0DHDDF5J2_allsrp_img2.jpg,
B0DHDDF5J2,/Users/amankumar/Desktop/Aims/final data/images_all_scraped/B0DHDDF5J2_allsrp_img3.jpg,Adjustable He
B0DHDDF5J2,/Users/amankumar/Desktop/Aims/final data/images_all_scraped/B0DHDDF5J2_allsrp_img4.jpg,
B0DHDDF5J2,/Users/amankumar/Desktop/Aims/final data/images_all_scraped/B0DHDDF5J2_allsrp_img5.jpg,
B0DHDDF5J2,/Users/amankumar/Desktop/Aims/final data/images_all_scraped/B0DHDDF5J2_allsrp_img6.jpg,
B0DHDDF5J2,/Users/amankumar/Desktop/Aims/final data/images_all_scraped/B0DHDDF5J2_allsrp_img7.jpg,
B08667772G,/Users/amankumar/Desktop/Aims/final data/images_all_scraped/B08667772G_allsrp_img1.jpg,"40mm Drivers
boAt Signature Sound

Integrated Controls _~ Premium

Dual Connectivity: BT & AUX Matte Finish

: Mi f,. ‘ Adjustable &

Foldable Earcups

SINGLE TOUCH
VOICE ASSISTANT"
B08667772G,/Users/amankumar/Desktop/Aims/final data/images_all_scraped/B08667772G_allsrp_img2.jpg,"40mm Drivers
boAt Signature Sound
; “ / b y a
Ai"
B08667772G,/Users/amankumar/Desktop/Aims/final data/images_all_scraped/B08667772G_allsrp_img3.jpg,"‘1g
4omm Drivers cf ay
Phan

Integrated Controls ~, Pretty
0
f. ' Aci patible: &
” NN .

©

y.."
B08667772G,/Users/amankumar/Desktop/Aims/final data/images_all_scraped/B08667772G_allsrp_img4.jpg,
B08667772G,/Users/amankumar/Desktop/Aims/final data/images_all_scraped/B08667772G_allsrp_img5.jpg,
B08667772G,/Users/amankumar/Desktop/Aims/final data/images_all_scraped/B08667772G_allsrp_img6.jpg,
B08667772G,/Users/amankumar/Desktop/Aims/final data/images_all_scraped/B08667772G_allsrp_img7.jpg,
B071Z8M4KX,/Users/amankumar/Desktop/Aims/final data/images_all_scraped/B071Z8M4KX_allsrp_img1.jpg,
B071Z8M4KX,/Users/amankumar/Desktop/Aims/final data/images_all_scraped/B071Z8M4KX_allsrp_img2.jpg,"INTEGRATED
MULTIFUNCTION
CONTROL
INSTANT

VOICE
ASSISTANT

Coen

IN-LINE MIC
HANDS FREE
COMMUNICATION"
B071Z8M4KX,/Users/amankumar/Desktop/Aims/final data/images_all_scraped/B071Z8M4KX_allsrp_img3.jpg,"PERFECT
CABLE LENGTH

WITH FREE CARRY POUCH"
B071Z8M4KX,/Users/amankumar/Desktop/Aims/final data/images_all_scraped/B071Z8M4KX_allsrp_img4.jpg,
B071Z8M4KX,/Users/amankumar/Desktop/Aims/final data/images_all_scraped/B071Z8M4KX_allsrp_img5.jpg,
B071Z8M4KX,/Users/amankumar/Desktop/Aims/final data/images_all_scraped/B071Z8M4KX_allsrp_img6.jpg,"HAWK
INSPIRED
DESIG"
B071Z8M4KX,/Users/amankumar/Desktop/Aims/final data/images_all_scraped/B071Z8M4KX_allsrp_img7.jpg,"INTEGRATED
MULTIFUNCTION
CONTROL

INSTANT
VOICE
ASSISTANT

“HEY SIRI” ""OK GOOGLE”

IN-LINE MIC
HANDS FREE
COMMUNICATION"
B0F2FF44NN,/Users/amankumar/Desktop/Aims/final data/images_all_scraped/B0F2FF44NN_allsrp_img1.jpg,"Adjustable
Headband and

Zc  EGrcups"
B0F2FF44NN,/Users/amankumar/Desktop/Aims/final data/images_all_scraped/B0F2FF44NN_allsrp_img2.jpg,
B0F2FF44NN,/Users/amankumar/Desktop/Aims/final data/images_all_scraped/B0F2FF44NN_allsrp_img3.jpg,"Seamless VoIP calls

10
Adaptive
audio equalization

Get lost in the music
and enjoy every subtle
sound with the power

_ of Dual Stream™ DSP

Simultaneous
dual-audio processing"
B0F2FF44NN,/Users/amankumar/Desktop/Aims/final data/images_all_scraped/B0F2FF44NN_allsrp_img4.jpg,"4Omm Conon

Ultra Low

Latency 4
gernngrase"
B0F2FF44NN,/Users/amankumar/Desktop/Aims/final data/images_all_scraped/B0F2FF44NN_allsrp_img5.jpg,"Adjustable

Headband oA ‘-
and earcups

aT OM coms

Ultra Low
Bass Latency

ee Boosted gaming mode Ce 98

witseae Drivers &
80 hrs

Long
ly ec] “wf lasting XS
\w_ ae — battery |

processed calling “sx%7"") 73@geE
Yas J + i"
B0F2FF44NN,/Users/amankumar/Desktop/Aims/final data/images_all_scraped/B0F2FF44NN_allsrp_img6.jpg,
B0F2FF44NN,/Users/amankumar/Desktop/Aims/final data/images_all_scraped/B0F2FF44NN_allsrp_img7.jpg,Navy Blue e
B0DGTTKCJX,/Users/amankumar/Desktop/Aims/final data/images_all_scraped/B0DGTTKCJX_allsrp_img1.jpg,
B0DGTTKCJX,/Users/amankumar/Desktop/Aims/final data/images_all_scraped/B0DGTTKCJX_allsrp_img2.jpg,
B0DGTTKCJX,/Users/amankumar/Desktop/Aims/final data/images_all_scraped/B0DGTTKCJX_allsrp_img3.jpg,"y:
\ a ae
BEAST™ Mode

40ms Low Latency for Gaming"
B0DGTTKCJX,/Users/amankumar/Desktop/Aims/final data/images_all_scraped/B0DGTTKCJX_allsrp_img4.jpg,"RGB LEDs
With 6 Modes"
B0DGTTKCJX,/Users/amankumar/Desktop/Aims/final data/images_all_scraped/B0DGTTKCJX_allsrp_img5.jpg,
B0DGTTKCJX,/Users/amankumar/Desktop/Aims/final data/images_all_scraped/B0DGTTKCJX_allsrp_img6.jpg,"a. <a

40mm Drivers

boAt Signature Sound"
B0DGTTKCJX,/Users/amankumar/Desktop/Aims/final data/images_all_scraped/B0DGTTKCJX_allsrp_img7.jpg,"OO —
40mm Drivers

boAt Signature Sound"
B0856HY85J,/Users/amankumar/Desktop/Aims/final data/images_all_scraped/B0856HY85J_allsrp_img1.jpg,
B0856HY85J,/Users/amankumar/Desktop/Aims/final data/images_all_scraped/B0856HY85J_allsrp_img2.jpg,"SO mm Drivers
boAt Signature Sound"
B0856HY85J,/Users/amankumar/Desktop/Aims/final data/images_all_scraped/B0856HY85J_allsrp_img3.jpg,"~~

Set a reminder for 5:00 pm
“HEY SIRI”

| eo
, 500mAh Battery

f
“OK GOOGLE”

Instant Voice Assistant

Integrated Controls |

ran te
/ i ON
\

Bluetooth

AUX Port"
B0856HY85J,/Users/amankumar/Desktop/Aims/final data/images_all_scraped/B0856HY85J_allsrp_img4.jpg,"“Sy

boAt Signature Sound"
B0856HY85J,/Users/amankumar/Desktop/Aims/final data/images_all_scraped/B0856HY85J_allsrp_img5.jpg,
B0856HY85J,/Users/amankumar/Desktop/Aims/final data/images_all_scraped/B0856HY85J_allsrp_img6.jpg,"Lil
\\) ity

Playback Time

20 Hours

Lil
\\} ty"
B0856HY85J,/Users/amankumar/Desktop/Aims/final data/images_all_scraped/B0856HY85J_allsrp_img7.jpg,
B0B1PXM75C,/Users/amankumar/Desktop/Aims/final data/images_all_scraped/B0B1PXM75C_allsrp_img1.jpg,
B0B1PXM75C,/Users/amankumar/Desktop/Aims/final data/images_all_scraped/B0B1PXM75C_allsrp_img2.jpg,"Hours of
music,
Hours of
talk-time.
Hours of |
watching."
B0B1PXM75C,/Users/amankumar/Desktop/Aims/final data/images_all_scraped/B0B1PXM75C_allsrp_img3.jpg,
B0B1PXM75C,/Users/amankumar/Desktop/Aims/final data/images_all_scraped/B0B1PXM75C_allsrp_img4.jpg,"Ready for life.
Anywhere.
Anytime."
B0B1PXM75C,/Users/amankumar/Desktop/Aims/final data/images_all_scraped/B0B1PXM75C_allsrp_img5.jpg,"Ready for life.
Anywhere.
Anytime."
B0B1PXM75C,/Users/amankumar/Desktop/Aims/final data/images_all_scraped/B0B1PXM75C_allsrp_img6.jpg,"Stay connected,
no matter where you go."
B0B1PXM75C,/Users/amankumar/Desktop/Aims/final data/images_all_scraped/B0B1PXM75C_allsrp_img7.jpg,"Eliminate

alllags | pom

(up to 40ms)"
B08QTYYNDN,/Users/amankumar/Desktop/Aims/final data/images_all_scraped/B08QTYYNDN_allsrp_img1.jpg,
B08QTYYNDN,/Users/amankumar/Desktop/Aims/final data/images_all_scraped/B08QTYYNDN_allsrp_img2.jpg,
B08QTYYNDN,/Users/amankumar/Desktop/Aims/final data/images_all_scraped/B08QTYYNDN_allsrp_img3.jpg,
B08QTYYNDN,/Users/amankumar/Desktop/Aims/final data/images_all_scraped/B08QTYYNDN_allsrp_img4.jpg,
B08QTYYNDN,/Users/amankumar/Desktop/Aims/final data/images_all_scraped/B08QTYYNDN_allsrp_img5.jpg,
B08QTYYNDN,/Users/amankumar/Desktop/Aims/final data/images_all_scraped/B08QTYYNDN_allsrp_img6.jpg,oMIN # = 2H
B08QTYYNDN,/Users/amankumar/Desktop/Aims/final data/images_all_scraped/B08QTYYNDN_allsrp_img7.jpg,
B09QL3K2GD,/Users/amankumar/Desktop/Aims/final data/images_all_scraped/B09QL3K2GD_allsrp_img1.jpg,"Upto
Total Playback Time

Charge with Type C

10Mins - 10Hrs
CHARGE PLAYTIME"
B09QL3K2GD,/Users/amankumar/Desktop/Aims/final data/images_all_scraped/B09QL3K2GD_allsrp_img2.jpg,"Low Latency Mode
w/ Dedicated Button"
B09QL3K2GD,/Users/amankumar/Desktop/Aims/final data/images_all_scraped/B09QL3K2GD_allsrp_img3.jpg,Ox
B09QL3K2GD,/Users/amankumar/Desktop/Aims/final data/images_all_scraped/B09QL3K2GD_allsrp_img4.jpg,"ENx™ Technology
Be Clearly Heard Across Calls"
B09QL3K2GD,/Users/amankumar/Desktop/Aims/final data/images_all_scraped/B09QL3K2GD_allsrp_img5.jpg,"ENx™ Technology
Be Clearly Heard Across Calls"
B09QL3K2GD,/Users/amankumar/Desktop/Aims/final data/images_all_scraped/B09QL3K2GD_allsrp_img6.jpg,
B09QL3K2GD,/Users/amankumar/Desktop/Aims/final data/images_all_scraped/B09QL3K2GD_allsrp_img7.jpg,"iY

Upto 25

Total Playback Time

Charge with Type C

10Mins - 1OHrs
CHARGE PLAYTIME"
B0DQPKH93F,/Users/amankumar/Desktop/Aims/final data/images_all_scraped/B0DQPKH93F_allsrp_img1.jpg,"Plug into
audio bliss!

Mimi"" Enjoy thrilling bass!

(3) Pure HD Sound"
B0DQPKH93F,/Users/amankumar/Desktop/Aims/final data/images_all_scraped/B0DQPKH93F_allsrp_img2.jpg,"a Aux Connector

—S—

c,
/ Voice Assistance
In-car
Design we)

BoostedBass™

1.2m Long
Cable

Easy Centrols"
B0DQPKH93F,/Users/amankumar/Desktop/Aims/final data/images_all_scraped/B0DQPKH93F_allsrp_img3.jpg,"Plug into
audio bliss!

HL Enjey shelling %

4) Pure 11D Sound"
B0DQPKH93F,/Users/amankumar/Desktop/Aims/final data/images_all_scraped/B0DQPKH93F_allsrp_img4.jpg,"\

BoostedBass™

Easy Controls

Aux Connector

Voice Assistance

© Hey, Siri

OK, Google

1.2m Long
Cable"
B0DQPKH93F,/Users/amankumar/Desktop/Aims/final data/images_all_scraped/B0DQPKH93F_allsrp_img5.jpg,_ Aux x Connectivity
B0DQPKH93F,/Users/amankumar/Desktop/Aims/final data/images_all_scraped/B0DQPKH93F_allsrp_img6.jpg,"Aux Connectivity

Compatible with gadgets with an Aux port

Tablets

Laptops

If you face any trouble connecting these earphones:

Try enabling OTG Connection or turning OFF ""Disable USB Audio Routing’ in your
Smartphone's Settings."
B0DQPKH93F,/Users/amankumar/Desktop/Aims/final data/images_all_scraped/B0DQPKH93F_allsrp_img7.jpg,
B09XS7JWHH,/Users/amankumar/Desktop/Aims/final data/images_all_scraped/B09XS7JWHH_allsrp_img1.jpg,"SONY

OFFICIAL HEADPHONES OF THE WPL.

Elevate
your game 7
~ p+
wooox se res leadphones VA
WA +47 i"
B09XS7JWHH,/Users/amankumar/Desktop/Aims/final data/images_all_scraped/B09XS7JWHH_allsrp_img2.jpg,
B09XS7JWHH,/Users/amankumar/Desktop/Aims/final data/images_all_scraped/B09XS7JWHH_allsrp_img3.jpg,
B09XS7JWHH,/Users/amankumar/Desktop/Aims/final data/images_all_scraped/B09XS7JWHH_allsrp_img4.jpg,"THE BEST NOISE CANCELLATION’

Two processors control
8 microphones—our biggest step
forward in noise canceling technology.

g JEITA-compliant guidelfi ico
eae ling headphones gaia

*As of April 10, 202
for the top 10 brag"
B09XS7JWHH,/Users/amankumar/Desktop/Aims/final data/images_all_scraped/B09XS7JWHH_allsrp_img5.jpg,"SEAMLESS MULTI-DEVICE PAIRING

ection quickly switches
es at the touch of a button."
B09XS7JWHH,/Users/amankumar/Desktop/Aims/final data/images_all_scraped/B09XS7JWHH_allsrp_img6.jpg,
B09XS7JWHH,/Users/amankumar/Desktop/Aims/final data/images_all_scraped/B09XS7JWHH_allsrp_img7.jpg,
B0863FR3S9,/Users/amankumar/Desktop/Aims/final data/images_all_scraped/B0863FR3S9_allsrp_img1.jpg,
B0863FR3S9,/Users/amankumar/Desktop/Aims/final data/images_all_scraped/B0863FR3S9_allsrp_img2.jpg,"| CLEAR HANDS-FREE CALLING —

Superior cafequality a i
microphones with ad¥anced audi
signal processing"
B0863FR3S9,/Users/amankumar/Desktop/Aims/final data/images_all_scraped/B0863FR3S9_allsrp_img3.jpg,
B0863FR3S9,/Users/amankumar/Desktop/Aims/final data/images_all_scraped/B0863FR3S9_allsrp_img4.jpg,"""BATTERY LIFE

Up to 30 hrs of battery life’
(10 min charge for 5 hours of playback)

Quick charging
(10 min charge for 5 hours of playback)

*Actual performance varies based on settings, environmental conditions, and usage."
B0863FR3S9,/Users/amankumar/Desktop/Aims/final data/images_all_scraped/B0863FR3S9_allsrp_img5.jpg,oer
B0863FR3S9,/Users/amankumar/Desktop/Aims/final data/images_all_scraped/B0863FR3S9_allsrp_img6.jpg,">

BATTERY LIFE

Up to 30 hrs of battery life’
19 rrin charge for 5 heurs ef payback)
Quick charging

0 rin charge “or hours ef pay"
B0863FR3S9,/Users/amankumar/Desktop/Aims/final data/images_all_scraped/B0863FR3S9_allsrp_img7.jpg,"IN THE BOX
°USB Type-C Cable
«Headphone Cable

«Carry Case
«Adaptor Plug
at |"
B0B4G44RFS,/Users/amankumar/Desktop/Aims/final data/images_all_scraped/B0B4G44RFS_allsrp_img1.jpg,
B0B4G44RFS,/Users/amankumar/Desktop/Aims/final data/images_all_scraped/B0B4G44RFS_allsrp_img2.jpg,MONSTER BASS
B0B4G44RFS,/Users/amankumar/Desktop/Aims/final data/images_all_scraped/B0B4G44RFS_allsrp_img3.jpg,RUBBER FINISH
B0B4G44RFS,/Users/amankumar/Desktop/Aims/final data/images_all_scraped/B0B4G44RFS_allsrp_img4.jpg,
B0B4G44RFS,/Users/amankumar/Desktop/Aims/final data/images_all_scraped/B0B4G44RFS_allsrp_img5.jpg,"CALL FUNCTION
3.5mm AUDIO JACK"
B0B4G44RFS,/Users/amankumar/Desktop/Aims/final data/images_all_scraped/B0B4G44RFS_allsrp_img6.jpg,
B0B4G44RFS,/Users/amankumar/Desktop/Aims/final data/images_all_scraped/B0B4G44RFS_allsrp_img7.jpg,
B0D3TMKMYN,/Users/amankumar/Desktop/Aims/final data/images_all_scraped/B0D3TMKMYN_allsrp_img1.jpg,"me LISTEN LONGER

Up to 30-hours battery life with quick charging*

(3 min. charge for up to 90 mins of listening)

* Actual performance varies based on settings, environmental conditions, storage and usage. Batteries are consumable products, and
their capacity degrades over time as they age. Sony does not guarantee the life span of the battery."
B0D3TMKMYN,/Users/amankumar/Desktop/Aims/final data/images_all_scraped/B0D3TMKMYN_allsrp_img2.jpg,
B0D3TMKMYN,/Users/amankumar/Desktop/Aims/final data/images_all_scraped/B0D3TMKMYN_allsrp_img3.jpg,
B0D3TMKMYN,/Users/amankumar/Desktop/Aims/final data/images_all_scraped/B0D3TMKMYN_allsrp_img4.jpg,"NC 4 (>) 389 DSEE Multi Point

50 Hrs- ANC Off J REALITY Extreme Connectivity

30 Hrs- With ANC :

Sony | Headphones
Connect App

| alexa built-in | B® Si: |"
B0D3TMKMYN,/Users/amankumar/Desktop/Aims/final data/images_all_scraped/B0D3TMKMYN_allsrp_img5.jpg,"TusITEL +

YC] OSEE Multé Point

Ext sin Connectivity

se ~"
B0D3TMKMYN,/Users/amankumar/Desktop/Aims/final data/images_all_scraped/B0D3TMKMYN_allsrp_img6.jpg,"Get closer to your! Te a orite r music with
dual noise cancelling technology"
B0D3TMKMYN,/Users/amankumar/Desktop/Aims/final data/images_all_scraped/B0D3TMKMYN_allsrp_img7.jpg,"COMFORTABLE DESIGN

Smooth cushions that comfortably hilt
mold to your ears »

yobQ 4 r A
wm

0 Begs:"
B08QTVL6C5,/Users/amankumar/Desktop/Aims/final data/images_all_scraped/B08QTVL6C5_allsrp_img1.jpg,
B08QTVL6C5,/Users/amankumar/Desktop/Aims/final data/images_all_scraped/B08QTVL6C5_allsrp_img2.jpg,"2S Bluetooth’

sOLSINAL"
B08QTVL6C5,/Users/amankumar/Desktop/Aims/final data/images_all_scraped/B08QTVL6C5_allsrp_img3.jpg,
B08QTVL6C5,/Users/amankumar/Desktop/Aims/final data/images_all_scraped/B08QTVL6C5_allsrp_img4.jpg,
B08QTVL6C5,/Users/amankumar/Desktop/Aims/final data/images_all_scraped/B08QTVL6C5_allsrp_img5.jpg,
B08QTVL6C5,/Users/amankumar/Desktop/Aims/final data/images_all_scraped/B08QTVL6C5_allsrp_img6.jpg,
B08QTVL6C5,/Users/amankumar/Desktop/Aims/final data/images_all_scraped/B08QTVL6C5_allsrp_img7.jpg,OA
B0CCZ26B5V,/Users/amankumar/Desktop/Aims/final data/images_all_scraped/B0CCZ26B5V_allsrp_img1.jpg,"WUT
HEU ET EG NS"
B0CCZ26B5V,/Users/amankumar/Desktop/Aims/final data/images_all_scraped/B0CCZ26B5V_allsrp_img2.jpg,
B0CCZ26B5V,/Users/amankumar/Desktop/Aims/final data/images_all_scraped/B0CCZ26B5V_allsrp_img3.jpg,"All-day
comfort. Fy.
p"
B0CCZ26B5V,/Users/amankumar/Desktop/Aims/final data/images_all_scraped/B0CCZ26B5V_allsrp_img4.jpg,
B0CCZ26B5V,/Users/amankumar/Desktop/Aims/final data/images_all_scraped/B0CCZ26B5V_allsrp_img5.jpg,
B0CCZ26B5V,/Users/amankumar/Desktop/Aims/final data/images_all_scraped/B0CCZ26B5V_allsrp_img6.jpg,
B0CCZ26B5V,/Users/amankumar/Desktop/Aims/final data/images_all_scraped/B0CCZ26B5V_allsrp_img7.jpg,
B0D4ZCH5HS,/Users/amankumar/Desktop/Aims/final data/images_all_scraped/B0D4ZCH5HS_allsrp_img1.jpg,
B0D4ZCH5HS,/Users/amankumar/Desktop/Aims/final data/images_all_scraped/B0D4ZCH5HS_allsrp_img2.jpg,
B0D4ZCH5HS,/Users/amankumar/Desktop/Aims/final data/images_all_scraped/B0D4ZCH5HS_allsrp_img3.jpg,N
B0D4ZCH5HS,/Users/amankumar/Desktop/Aims/final data/images_all_scraped/B0D4ZCH5HS_allsrp_img4.jpg,
B0D4ZCH5HS,/Users/amankumar/Desktop/Aims/final data/images_all_scraped/B0D4ZCH5HS_allsrp_img5.jpg,
B0D4ZCH5HS,/Users/amankumar/Desktop/Aims/final data/images_all_scraped/B0D4ZCH5HS_allsrp_img6.jpg,
B0D4ZCH5HS,/Users/amankumar/Desktop/Aims/final data/images_all_scraped/B0D4ZCH5HS_allsrp_img7.jpg,
B0C6KKQ7ND,/Users/amankumar/Desktop/Aims/final data/images_all_scraped/B0C6KKQ7ND_allsrp_img1.jpg,"WORRY-FREE JOURNEY

Playtime with ANC On,

Playtime with ANC Off.

_/ -_"
B0C6KKQ7ND,/Users/amankumar/Desktop/Aims/final data/images_all_scraped/B0C6KKQ7ND_allsrp_img2.jpg,"8° FLOATING-AXIS
DESIGN

Effortlessly conforms to any
head for a natural fit"
B0C6KKQ7ND,/Users/amankumar/Desktop/Aims/final data/images_all_scraped/B0C6KKQ7ND_allsrp_img3.jpg,"CRISP, HI-RES
SOUND

Indulge in LDAC and 40mm.
customized dynamic drivers.“ , q
+
— ‘.
wy)
me"
B0C6KKQ7ND,/Users/amankumar/Desktop/Aims/final data/images_all_scraped/B0C6KKQ7ND_allsrp_img4.jpg,"UPGRADED NOISE
CANCELLING
STRUCTURE

2X stronger at reducing voices. *

a

te \ ‘a s
Maye ad
~ 2
as. Uy :
ee aan"
B0C6KKQ7ND,/Users/amankumar/Desktop/Aims/final data/images_all_scraped/B0C6KKQ7ND_allsrp_img5.jpg,
B0C6KKQ7ND,/Users/amankumar/Desktop/Aims/final data/images_all_scraped/B0C6KKQ7ND_allsrp_img6.jpg,"UPGRADED NOISE
CANCELLING
STRUCTURE

2Kocn

£ \S yu"
B0C6KKQ7ND,/Users/amankumar/Desktop/Aims/final data/images_all_scraped/B0C6KKQ7ND_allsrp_img7.jpg,"CRISP, HI-RES
SOUND

Indulge in LDAC and 40mm
customized dynamic drivers."
B08G1ZBKGP,/Users/amankumar/Desktop/Aims/final data/images_all_scraped/B08G1ZBKGP_allsrp_img1.jpg,
B08G1ZBKGP,/Users/amankumar/Desktop/Aims/final data/images_all_scraped/B08G1ZBKGP_allsrp_img2.jpg,
B08G1ZBKGP,/Users/amankumar/Desktop/Aims/final data/images_all_scraped/B08G1ZBKGP_allsrp_img3.jpg,
B08G1ZBKGP,/Users/amankumar/Desktop/Aims/final data/images_all_scraped/B08G1ZBKGP_allsrp_img4.jpg,
B0CQKDKPS6,/Users/amankumar/Desktop/Aims/final data/images_all_scraped/B0CQKDKPS6_allsrp_img1.jpg,"Sound that
transports you

Sennheiser aptX
signature sound Adaptive"
B0CQKDKPS6,/Users/amankumar/Desktop/Aims/final data/images_all_scraped/B0CQKDKPS6_allsrp_img2.jpg,"Tailor your
sound

Built-in Sound
equalizer personalization"
B0CQKDKPS6,/Users/amankumar/Desktop/Aims/final data/images_all_scraped/B0CQKDKPS6_allsrp_img3.jpg,"Smart
comfortable :
design Intuitwe Ergonomic bods

touch control samfart fiat"
B0CQKDKPS6,/Users/amankumar/Desktop/Aims/final data/images_all_scraped/B0CQKDKPS6_allsrp_img4.jpg,"I meee ar coe a

H
ry

OH)

Round-the-
clock freedom

Battery

Ultra-fast
life

charging"
B0CQKDKPS6,/Users/amankumar/Desktop/Aims/final data/images_all_scraped/B0CQKDKPS6_allsrp_img5.jpg,
B0CQKDKPS6,/Users/amankumar/Desktop/Aims/final data/images_all_scraped/B0CQKDKPS6_allsrp_img6.jpg,"Hear the world

on your terms

Transparency

Hybri
adaptive ANC

mode"
B0CQKDKPS6,/Users/amankumar/Desktop/Aims/final data/images_all_scraped/B0CQKDKPS6_allsrp_img7.jpg,"Smart
comfortable
desig Nn Intuitive Ergonomic Folds

touch control comfort flat"
B00HVLUR86,/Users/amankumar/Desktop/Aims/final data/images_all_scraped/B00HVLUR86_allsrp_img1.jpg,
B00HVLUR86,/Users/amankumar/Desktop/Aims/final data/images_all_scraped/B00HVLUR86_allsrp_img2.jpg,
B00HVLUR86,/Users/amankumar/Desktop/Aims/final data/images_all_scraped/B00HVLUR86_allsrp_img3.jpg,
B00HVLUR86,/Users/amankumar/Desktop/Aims/final data/images_all_scraped/B00HVLUR86_allsrp_img4.jpg,
B00HVLUR86,/Users/amankumar/Desktop/Aims/final data/images_all_scraped/B00HVLUR86_allsrp_img5.jpg,
B00HVLUR86,/Users/amankumar/Desktop/Aims/final data/images_all_scraped/B00HVLUR86_allsrp_img6.jpg,
B00HVLUR86,/Users/amankumar/Desktop/Aims/final data/images_all_scraped/B00HVLUR86_allsrp_img7.jpg,"estmeasna MDOT Ws Nar

ee"
B0D3LGQ841,/Users/amankumar/Desktop/Aims/final data/images_all_scraped/B0D3LGQ841_allsrp_img1.jpg,
B0D3LGQ841,/Users/amankumar/Desktop/Aims/final data/images_all_scraped/B0D3LGQ841_allsrp_img2.jpg,"‘a

Use your
headphone
controls Volume music cal"
B0D3LGQ841,/Users/amankumar/Desktop/Aims/final data/images_all_scraped/B0D3LGQ841_allsrp_img3.jpg,
B0D3LGQ841,/Users/amankumar/Desktop/Aims/final data/images_all_scraped/B0D3LGQ841_allsrp_img4.jpg,
B0D3LGQ841,/Users/amankumar/Desktop/Aims/final data/images_all_scraped/B0D3LGQ841_allsrp_img5.jpg,"af :

wd

Yy ""
fo

Audio all day

and more"
B0D3LGQ841,/Users/amankumar/Desktop/Aims/final data/images_all_scraped/B0D3LGQ841_allsrp_img6.jpg,"Low latency
stays in sync

High quality Clear calls
streaming"
B0D3LGQ841,/Users/amankumar/Desktop/Aims/final data/images_all_scraped/B0D3LGQ841_allsrp_img7.jpg,"Use your
headphone | |
controls Volume Music Call

control control control"
B07L8LTS3J,/Users/amankumar/Desktop/Aims/final data/images_all_scraped/B07L8LTS3J_allsrp_img1.jpg,WITH LOW LATENCY
B07L8LTS3J,/Users/amankumar/Desktop/Aims/final data/images_all_scraped/B07L8LTS3J_allsrp_img2.jpg,"60Hrs* Playback

* at 50% Volume"
B07L8LTS3J,/Users/amankumar/Desktop/Aims/final data/images_all_scraped/B07L8LTS3J_allsrp_img3.jpg,
B07L8LTS3J,/Users/amankumar/Desktop/Aims/final data/images_all_scraped/B07L8LTS3J_allsrp_img4.jpg,"Dual Paring

Zebronics for life
Janhwi Kapoor"
B07L8LTS3J,/Users/amankumar/Desktop/Aims/final data/images_all_scraped/B07L8LTS3J_allsrp_img5.jpg,"NN %
~~,
FE;

Gaming Mode"
B07L8LTS3J,/Users/amankumar/Desktop/Aims/final data/images_all_scraped/B07L8LTS3J_allsrp_img6.jpg,
B07L8LTS3J,/Users/amankumar/Desktop/Aims/final data/images_all_scraped/B07L8LTS3J_allsrp_img7.jpg,
B0CGR7XRYW,/Users/amankumar/Desktop/Aims/final data/images_all_scraped/B0CGR7XRYW_allsrp_img1.jpg,
B0CGR7XRYW,/Users/amankumar/Desktop/Aims/final data/images_all_scraped/B0CGR7XRYW_allsrp_img2.jpg,
B0CGR7XRYW,/Users/amankumar/Desktop/Aims/final data/images_all_scraped/B0CGR7XRYW_allsrp_img3.jpg,
B0CGR7XRYW,/Users/amankumar/Desktop/Aims/final data/images_all_scraped/B0CGR7XRYW_allsrp_img4.jpg,"Explore your
sound

Sennheiser
signature sound"
B0CGR7XRYW,/Users/amankumar/Desktop/Aims/final data/images_all_scraped/B0CGR7XRYW_allsrp_img5.jpg,"Set the tune
of your day

Seund
modes"
B0CGR7XRYW,/Users/amankumar/Desktop/Aims/final data/images_all_scraped/B0CGR7XRYW_allsrp_img6.jpg,"Every day, any
environment

Hybrid Transparency
ANC mode"
B0CGR7XRYW,/Users/amankumar/Desktop/Aims/final data/images_all_scraped/B0CGR7XRYW_allsrp_img7.jpg,"Set the tune
of your day

Built-in Sound
equalizer modes"
B08TV2P1N8,/Users/amankumar/Desktop/Aims/final data/images_all_scraped/B08TV2P1N8_allsrp_img1.jpg,
B08TV2P1N8,/Users/amankumar/Desktop/Aims/final data/images_all_scraped/B08TV2P1N8_allsrp_img2.jpg,
B08TV2P1N8,/Users/amankumar/Desktop/Aims/final data/images_all_scraped/B08TV2P1N8_allsrp_img3.jpg,"GET OVER THE AIR UPDATES AND ONE TAP FIX

SCAN THE QR CODE TO DOWNLOAD
boAt HEARABLES APP"
B08TV2P1N8,/Users/amankumar/Desktop/Aims/final data/images_all_scraped/B08TV2P1N8_allsrp_img4.jpg,"ates

-
or"
B08TV2P1N8,/Users/amankumar/Desktop/Aims/final data/images_all_scraped/B08TV2P1N8_allsrp_img5.jpg,"ASAP™ CHARGE

20 HRS
PLAYTIME

10 ving

CHARGE"
B08TV2P1N8,/Users/amankumar/Desktop/Aims/final data/images_all_scraped/B08TV2P1N8_allsrp_img6.jpg,"60 HRS PLAYTIME

NON STOP MUSIC"
B08TV2P1N8,/Users/amankumar/Desktop/Aims/final data/images_all_scraped/B08TV2P1N8_allsrp_img7.jpg,
B09ZJ45J7L,/Users/amankumar/Desktop/Aims/final data/images_all_scraped/B09ZJ45J7L_allsrp_img1.jpg,Foldable Earcups
B09ZJ45J7L,/Users/amankumar/Desktop/Aims/final data/images_all_scraped/B09ZJ45J7L_allsrp_img2.jpg,
B09ZJ45J7L,/Users/amankumar/Desktop/Aims/final data/images_all_scraped/B09ZJ45J7L_allsrp_img3.jpg,Call Function
B09ZJ45J7L,/Users/amankumar/Desktop/Aims/final data/images_all_scraped/B09ZJ45J7L_allsrp_img4.jpg,
B09ZJ45J7L,/Users/amankumar/Desktop/Aims/final data/images_all_scraped/B09ZJ45J7L_allsrp_img5.jpg,
B09ZJ45J7L,/Users/amankumar/Desktop/Aims/final data/images_all_scraped/B09ZJ45J7L_allsrp_img6.jpg,
B09ZJ45J7L,/Users/amankumar/Desktop/Aims/final data/images_all_scraped/B09ZJ45J7L_allsrp_img7.jpg,
B0CC8SBFFR,/Users/amankumar/Desktop/Aims/final data/images_all_scraped/B0CC8SBFFR_allsrp_img1.jpg,
B0CC8SBFFR,/Users/amankumar/Desktop/Aims/final data/images_all_scraped/B0CC8SBFFR_allsrp_img2.jpg,boAt Signature Sound
B0CC8SBFFR,/Users/amankumar/Desktop/Aims/final data/images_all_scraped/B0CC8SBFFR_allsrp_img3.jpg,"ENx™ Technology

(Clear Voice Calls)"
B0CC8SBFFR,/Users/amankumar/Desktop/Aims/final data/images_all_scraped/B0CC8SBFFR_allsrp_img4.jpg,"ENx™ Technology

(Clear Voice Calls)"
B0CC8SBFFR,/Users/amankumar/Desktop/Aims/final data/images_all_scraped/B0CC8SBFFR_allsrp_img5.jpg,
B0CC8SBFFR,/Users/amankumar/Desktop/Aims/final data/images_all_scraped/B0CC8SBFFR_allsrp_img6.jpg,"Up To 30 HRS Playtime

1OMINS {7% IO HRS
ASAP™ CHARGE {PLAYTIME"
B0CC8SBFFR,/Users/amankumar/Desktop/Aims/final data/images_all_scraped/B0CC8SBFFR_allsrp_img7.jpg,
B0DCNWN8NZ,/Users/amankumar/Desktop/Aims/final data/images_all_scraped/B0DCNWN8NZ_allsrp_img1.jpg,mrererstriettrad
B0DCNWN8NZ,/Users/amankumar/Desktop/Aims/final data/images_all_scraped/B0DCNWN8NZ_allsrp_img2.jpg,"ARERR,
LRRAROAR"
B0DCNWN8NZ,/Users/amankumar/Desktop/Aims/final data/images_all_scraped/B0DCNWN8NZ_allsrp_img3.jpg,
B0DCNWN8NZ,/Users/amankumar/Desktop/Aims/final data/images_all_scraped/B0DCNWN8NZ_allsrp_img4.jpg,
B0DCNWN8NZ,/Users/amankumar/Desktop/Aims/final data/images_all_scraped/B0DCNWN8NZ_allsrp_img5.jpg,
B0DCNWN8NZ,/Users/amankumar/Desktop/Aims/final data/images_all_scraped/B0DCNWN8NZ_allsrp_img6.jpg,
B0DCNWN8NZ,/Users/amankumar/Desktop/Aims/final data/images_all_scraped/B0DCNWN8NZ_allsrp_img7.jpg,
B07QJYB8BC,/Users/amankumar/Desktop/Aims/final data/images_all_scraped/B07QJYB8BC_allsrp_img1.jpg,
B07QJYB8BC,/Users/amankumar/Desktop/Aims/final data/images_all_scraped/B07QJYB8BC_allsrp_img2.jpg,"=) Sand Blast Texture

Chamfered Finish"
B07QJYB8BC,/Users/amankumar/Desktop/Aims/final data/images_all_scraped/B07QJYB8BC_allsrp_img3.jpg,"! Oy» ' Anti-slip Design

i"" li : Metal Sound Chamber"
B07QJYB8BC,/Users/amankumar/Desktop/Aims/final data/images_all_scraped/B07QJYB8BC_allsrp_img4.jpg,"Sand Blast Texture

Na

Chamfered Finish"
B07QJYB8BC,/Users/amankumar/Desktop/Aims/final data/images_all_scraped/B07QJYB8BC_allsrp_img5.jpg,
B07QJYB8BC,/Users/amankumar/Desktop/Aims/final data/images_all_scraped/B07QJYB8BC_allsrp_img6.jpg,"QO inbuit mic
{ One-touch play button

Strong L-shaped Aux"
B07QJYB8BC,/Users/amankumar/Desktop/Aims/final data/images_all_scraped/B07QJYB8BC_allsrp_img7.jpg,"rd) P| 4 selon

Oy» Antisiip Design

of Metal Sound Chamber"
B0CD4BRZXW,/Users/amankumar/Desktop/Aims/final data/images_all_scraped/B0CD4BRZXW_allsrp_img1.jpg,"5s Fast Assemble

OIVO INDIA HEADPHONE STAND"
B0CD4BRZXW,/Users/amankumar/Desktop/Aims/final data/images_all_scraped/B0CD4BRZXW_allsrp_img2.jpg,IN THE BOX
B0CD4BRZXW,/Users/amankumar/Desktop/Aims/final data/images_all_scraped/B0CD4BRZXW_allsrp_img3.jpg,
B0CD4BRZXW,/Users/amankumar/Desktop/Aims/final data/images_all_scraped/B0CD4BRZXW_allsrp_img4.jpg,"PRODUCT DETAILS (HEADPHONE NOT INCLUDED)

: g§ Push plate

@ The bracket push plate ns
made of TPU materal, which

‘STAND

le
suilobie for protecting
headphones

; Be | Aluminum alloy /

tquippeo wnt sanavinting na @
arodieing treatment, simpie and
Patural swnpte and generous

STAND

@®)
es Anti-slip design

ms @

STAND"
B0CD4BRZXW,/Users/amankumar/Desktop/Aims/final data/images_all_scraped/B0CD4BRZXW_allsrp_img5.jpg,"5s Fast Assemble

OIVO INDIA HEADPHONE STAND"
B0CD4BRZXW,/Users/amankumar/Desktop/Aims/final data/images_all_scraped/B0CD4BRZXW_allsrp_img6.jpg,
B0CD4BRZXW,/Users/amankumar/Desktop/Aims/final data/images_all_scraped/B0CD4BRZXW_allsrp_img7.jpg,"ee 4 age _
: 4098q ANOA § swiaen J UBRIUHEAIS"
B0CBG1YG5F,/Users/amankumar/Desktop/Aims/final data/images_all_scraped/B0CBG1YG5F_allsrp_img1.jpg,"Control Your Music And Calls witha

TOUCH

PRESS THE :
BUTTON To

Play,Pause, Skip Or, Answer

SLIDE LEFT/ RIGHT
© Change Song

\,
\

SLIDE UP/DOWN®©

Volume Increase/down"
B0CBG1YG5F,/Users/amankumar/Desktop/Aims/final data/images_all_scraped/B0CBG1YG5F_allsrp_img2.jpg,"SOLITUDE TO

WITH NOISE ISOLATION FEATW"
B0CBG1YG5F,/Users/amankumar/Desktop/Aims/final data/images_all_scraped/B0CBG1YG5F_allsrp_img3.jpg,"Enjoy Your Wireless

SOUND

BLUETOOTH

V9.3"
B0CBG1YG5F,/Users/amankumar/Desktop/Aims/final data/images_all_scraped/B0CBG1YG5F_allsrp_img4.jpg,
B0CBG1YG5F,/Users/amankumar/Desktop/Aims/final data/images_all_scraped/B0CBG1YG5F_allsrp_img5.jpg,"SOLITUDE TO

SOUL SOUND

WITH DEEP BASS

WITH NOISE ISOLATION FEATURE

BLUETOOTH

YOUR PERFECT FIT WITH THE
Revolving Headband

Relish Your Tunes For
HOURS

WITH UPTO 40 HOURS PLAYBACK TIME

40...

"" BLUETOOTH

V5.3"
B0CBG1YG5F,/Users/amankumar/Desktop/Aims/final data/images_all_scraped/B0CBG1YG5F_allsrp_img6.jpg,
B0CBG1YG5F,/Users/amankumar/Desktop/Aims/final data/images_all_scraped/B0CBG1YG5F_allsrp_img7.jpg,
B0CCRZPKR1,/Users/amankumar/Desktop/Aims/final data/images_all_scraped/B0CCRZPKR1_allsrp_img1.jpg,
B0CCRZPKR1,/Users/amankumar/Desktop/Aims/final data/images_all_scraped/B0CCRZPKR1_allsrp_img2.jpg,"Best-in-
class sound

Sennheiser 42mm audiophile aptX
signature inspired Adaptive
sound transducer"
B0CCRZPKR1,/Users/amankumar/Desktop/Aims/final data/images_all_scraped/B0CCRZPKR1_allsrp_img3.jpg,"VETTED
2024"
B0CCRZPKR1,/Users/amankumar/Desktop/Aims/final data/images_all_scraped/B0CCRZPKR1_allsrp_img4.jpg,"oEST Op
Forbes
VETTED

2024)"
B0CCRZPKR1,/Users/amankumar/Desktop/Aims/final data/images_all_scraped/B0CCRZPKR1_allsrp_img5.jpg,"an

\

i
ey

Customizable

bespoke

audio stein Sanne"
B0CCRZPKR1,/Users/amankumar/Desktop/Aims/final data/images_all_scraped/B0CCRZPKR1_allsrp_img6.jpg,"Hear what
you want

Adaptive noise Adjustable
cancellation transparency
mode"
B0CCRZPKR1,/Users/amankumar/Desktop/Aims/final data/images_all_scraped/B0CCRZPKR1_allsrp_img7.jpg,"Best-in- Ly
class sound S
Sennheiser 42mm autiaphile apex

signature rspired Adavtive
sound tranedicer"
B084BVXCBF,/Users/amankumar/Desktop/Aims/final data/images_all_scraped/B084BVXCBF_allsrp_img1.jpg,
B084BVXCBF,/Users/amankumar/Desktop/Aims/final data/images_all_scraped/B084BVXCBF_allsrp_img2.jpg,
B084BVXCBF,/Users/amankumar/Desktop/Aims/final data/images_all_scraped/B084BVXCBF_allsrp_img3.jpg,
B084BVXCBF,/Users/amankumar/Desktop/Aims/final data/images_all_scraped/B084BVXCBF_allsrp_img4.jpg,"nme
Mobile/Tablet
Compatible"
B084BVXCBF,/Users/amankumar/Desktop/Aims/final data/images_all_scraped/B084BVXCBF_allsrp_img5.jpg,RUBBER FINISH
B084BVXCBF,/Users/amankumar/Desktop/Aims/final data/images_all_scraped/B084BVXCBF_allsrp_img6.jpg,
B084BVXCBF,/Users/amankumar/Desktop/Aims/final data/images_all_scraped/B084BVXCBF_allsrp_img7.jpg,MONSTER BASS
B0DGV465ZW,/Users/amankumar/Desktop/Aims/final data/images_all_scraped/B0DGV465ZW_allsrp_img1.jpg,
B0DGV465ZW,/Users/amankumar/Desktop/Aims/final data/images_all_scraped/B0DGV465ZW_allsrp_img2.jpg,"Zero-lag. 10/10 sound.
ULTRA-LOW LATENCY UP TO 30MS"
B0DGV465ZW,/Users/amankumar/Desktop/Aims/final data/images_all_scraped/B0DGV465ZW_allsrp_img3.jpg,
B0DGV465ZW,/Users/amankumar/Desktop/Aims/final data/images_all_scraped/B0DGV465ZW_allsrp_img4.jpg,"SOUND EFFECT

Original Sound

Regular Audio With HFA

Below CD Audio Quality Hi-Quality Audio
(Distorted Sound, (High-Quality Audio, Wider Audio

Basic Soundstage Effect} Space, Better Soundstage Effect)"
B0DGV465ZW,/Users/amankumar/Desktop/Aims/final data/images_all_scraped/B0DGV465ZW_allsrp_img5.jpg,"Tune into boombasstic clarity
HIGH-FIDELITY ACOUSTICS | 40MM DRIVER

HEA)

‘Get the best audio experience
every me. because every note
‘you hear on these headphones
‘sctisp, well-balanced, and
Immersive"
B0DGV465ZW,/Users/amankumar/Desktop/Aims/final data/images_all_scraped/B0DGV465ZW_allsrp_img6.jpg,"Dual-device
pairing

Quad-mic
ENC

BTv5.4

Ultra-low
latency"
B0DGV465ZW,/Users/amankumar/Desktop/Aims/final data/images_all_scraped/B0DGV465ZW_allsrp_img7.jpg,"Zero-lag. 10/10 sound.
ULTRA-LOW LATENCY UP TO 30MS"
B0D5HGMN72,/Users/amankumar/Desktop/Aims/final data/images_all_scraped/B0D5HGMN72_allsrp_img1.jpg,"Adaptive Fit Instant

No Compromise Voice Assistant:

on Comfort —
Google & Siri

OK Google Hey Siri

Easy Access Controls

Change Tracks, Stop
Music & Increase or
Decrease The Volume

Get live updates of
news, weather forecast,
cricket scores"
B0D5HGMN72,/Users/amankumar/Desktop/Aims/final data/images_all_scraped/B0D5HGMN72_allsrp_img2.jpg,
B0D5HGMN72,/Users/amankumar/Desktop/Aims/final data/images_all_scraped/B0D5HGMN72_allsrp_img3.jpg,"Dual Pairing
With Bluetooth v5.2"
B0D5HGMN72,/Users/amankumar/Desktop/Aims/final data/images_all_scraped/B0D5HGMN72_allsrp_img4.jpg,"Adaptive Fit Instant

SoG gua Voice Assistant

Google & Sith

Easy Access Controls

Change “rack? Step
Musie & neez
Devrzaee Toe volen

Got live upriaces of

hows wenanss: foraraat"
B0D5HGMN72,/Users/amankumar/Desktop/Aims/final data/images_all_scraped/B0D5HGMN72_allsrp_img5.jpg,
B0D5HGMN72,/Users/amankumar/Desktop/Aims/final data/images_all_scraped/B0D5HGMN72_allsrp_img6.jpg,"ENx™ Technology
Be Clearly Heard

a) Filtered
4 Voice
Your Voice with Mic

Environmental Noise

aaa

Environmental Noise Your Voice"
B0D5HGMN72,/Users/amankumar/Desktop/Aims/final data/images_all_scraped/B0D5HGMN72_allsrp_img7.jpg,"Iring

Dual Pa
With Bluetooth v5.2"
B0D1VN2VB7,/Users/amankumar/Desktop/Aims/final data/images_all_scraped/B0D1VN2VB7_allsrp_img1.jpg,
B0D1VN2VB7,/Users/amankumar/Desktop/Aims/final data/images_all_scraped/B0D1VN2VB7_allsrp_img2.jpg,FOLDABLE DESIGN
B0D1VN2VB7,/Users/amankumar/Desktop/Aims/final data/images_all_scraped/B0D1VN2VB7_allsrp_img3.jpg,"CUSTOMISE YOUR SOUND
WITH THE MARSHALL APP

EQUALISER

Selecta preset or ereate your own,

MARSHALL"
B0D1VN2VB7,/Users/amankumar/Desktop/Aims/final data/images_all_scraped/B0D1VN2VB7_allsrp_img4.jpg,"CUSTOMISABLE M-BUTTON

Instantly access tha Spotty Tap datautt function or your EQ settings or voice
cesefatant thanks ta Major V's M-bufton and tha Marshal Bluetooth app,"
B0D1VN2VB7,/Users/amankumar/Desktop/Aims/final data/images_all_scraped/B0D1VN2VB7_allsrp_img5.jpg,
B0D1VN2VB7,/Users/amankumar/Desktop/Aims/final data/images_all_scraped/B0D1VN2VB7_allsrp_img6.jpg,
B0D1VN2VB7,/Users/amankumar/Desktop/Aims/final data/images_all_scraped/B0D1VN2VB7_allsrp_img7.jpg,
B0CZF1H82V,/Users/amankumar/Desktop/Aims/final data/images_all_scraped/B0CZF1H82V_allsrp_img1.jpg,"ar

Hey Siri Google Assistant

Bluetooth

ZEB-AEON

MADEIN

_INDIA |

NS"
B0CZF1H82V,/Users/amankumar/Desktop/Aims/final data/images_all_scraped/B0CZF1H82V_allsrp_img2.jpg,"RAPID =—s_

CHARGING

*]0min charge for 10h* use xat 50% Volume"
B0CZF1H82V,/Users/amankumar/Desktop/Aims/final data/images_all_scraped/B0CZF1H82V_allsrp_img3.jpg,"ENC 40mm

NOISE CANCELLATION DRIVERS"
B0CZF1H82V,/Users/amankumar/Desktop/Aims/final data/images_all_scraped/B0CZF1H82V_allsrp_img4.jpg,
B0CZF1H82V,/Users/amankumar/Desktop/Aims/final data/images_all_scraped/B0CZF1H82V_allsrp_img5.jpg,
B0CZF1H82V,/Users/amankumar/Desktop/Aims/final data/images_all_scraped/B0CZF1H82V_allsrp_img6.jpg,"GAMING

MODE

LOW LATENCY"
B0CZF1H82V,/Users/amankumar/Desktop/Aims/final data/images_all_scraped/B0CZF1H82V_allsrp_img7.jpg,
B0CWVX1GNX,/Users/amankumar/Desktop/Aims/final data/images_all_scraped/B0CWVX1GNX_allsrp_img1.jpg,"MASSIVE BASS. ULTIMATE VIBE.

Press the ULT button to
boost your bass"
B0CWVX1GNX,/Users/amankumar/Desktop/Aims/final data/images_all_scraped/B0CWVX1GNX_allsrp_img2.jpg,"COMFORTABLE DESIGN

that comfortably"
B0CWVX1GNX,/Users/amankumar/Desktop/Aims/final data/images_all_scraped/B0CWVX1GNX_allsrp_img3.jpg,
B0CWVX1GNX,/Users/amankumar/Desktop/Aims/final data/images_all_scraped/B0CWVX1GNX_allsrp_img4.jpg,
B0CWVX1GNX,/Users/amankumar/Desktop/Aims/final data/images_all_scraped/B0CWVX1GNX_allsrp_img5.jpg,
B0CWVX1GNX,/Users/amankumar/Desktop/Aims/final data/images_all_scraped/B0CWVX1GNX_allsrp_img6.jpg,*Interoperabilii@
B0CWVX1GNX,/Users/amankumar/Desktop/Aims/final data/images_all_scraped/B0CWVX1GNX_allsrp_img7.jpg,"MASSIVE BASS. ULTIMATE VIBE.

Press the ULT button to
boost your bass"
B0BS1RT9S2,/Users/amankumar/Desktop/Aims/final data/images_all_scraped/B0BS1RT9S2_allsrp_img1.jpg,"LISTEN LONGER

e Up to 50 hours battery life”
Bmins charge for@ to 90 njiplayback’

* Actual performance varies based on settings, environmental conditions, storage, and usage.
Batteries are consumable products and their capacity degrades over time as they age. Sony does not guarantee the life span of the battery."
B0BS1RT9S2,/Users/amankumar/Desktop/Aims/final data/images_all_scraped/B0BS1RT9S2_allsrp_img2.jpg,
B0BS1RT9S2,/Users/amankumar/Desktop/Aims/final data/images_all_scraped/B0BS1RT9S2_allsrp_img3.jpg,"EASY HANDS-FREE CALLING

Built-in microphone’"
B0BS1RT9S2,/Users/amankumar/Desktop/Aims/final data/images_all_scraped/B0BS1RT9S2_allsrp_img4.jpg,
B0BS1RT9S2,/Users/amankumar/Desktop/Aims/final data/images_all_scraped/B0BS1RT9S2_allsrp_img5.jpg,"ALL DAY COMFORT

Comfortable, lightweight design"
B0BS1RT9S2,/Users/amankumar/Desktop/Aims/final data/images_all_scraped/B0BS1RT9S2_allsrp_img6.jpg,MULTIPOINT CONNECTION
B0BS1RT9S2,/Users/amankumar/Desktop/Aims/final data/images_all_scraped/B0BS1RT9S2_allsrp_img7.jpg,
B0DFHGX8R3,/Users/amankumar/Desktop/Aims/final data/images_all_scraped/B0DFHGX8R3_allsrp_img1.jpg,"Combat™
Gaming Mode

Mobile gaming

ultra-low latency
wy /LA"
B0DFHGX8R3,/Users/amankumar/Desktop/Aims/final data/images_all_scraped/B0DFHGX8R3_allsrp_img2.jpg,
B0DFHGX8R3,/Users/amankumar/Desktop/Aims/final data/images_all_scraped/B0DFHGX8R3_allsrp_img3.jpg,"| Was Never There
Ay Dear Melancholy,"
B0DFHGX8R3,/Users/amankumar/Desktop/Aims/final data/images_all_scraped/B0DFHGX8R3_allsrp_img4.jpg,
B0DFHGX8R3,/Users/amankumar/Desktop/Aims/final data/images_all_scraped/B0DFHGX8R3_allsrp_img5.jpg,"4Omm Boomx™

boosted driver | technology"
B0DFHGX8R3,/Users/amankumar/Desktop/Aims/final data/images_all_scraped/B0DFHGX8R3_allsrp_img6.jpg,
B0DFHGX8R3,/Users/amankumar/Desktop/Aims/final data/images_all_scraped/B0DFHGX8R3_allsrp_img7.jpg,"gy /
rl ~ Easy
LO mm controls

bass boosted drivers

60ms
Latency, j
\ Integrated

ound
Processor

Pa

Long lasting battery EQ Modes"
B0DFDT1TWC,/Users/amankumar/Desktop/Aims/final data/images_all_scraped/B0DFDT1TWC_allsrp_img1.jpg,CARRYING CASE
B0DFDT1TWC,/Users/amankumar/Desktop/Aims/final data/images_all_scraped/B0DFDT1TWC_allsrp_img2.jpg,"CUSTOMISABLE M-BUTTON —

ANC-BUTTON USB-C PORT"
B0DFDT1TWC,/Users/amankumar/Desktop/Aims/final data/images_all_scraped/B0DFDT1TWC_allsrp_img3.jpg,"“po |
ru ’ )
OTR none Tote

SP Ries:

“Enjoy perfectly balanced sound that adjusts the treble
and bass in the most optimal way at every volume."
B0DFDT1TWC,/Users/amankumar/Desktop/Aims/final data/images_all_scraped/B0DFDT1TWC_allsrp_img4.jpg,"USB-C
CHARGING CABLE

MONITOR III A.N.C.

HEADPHONES

USB-C TO 3.5MM
AUDIO CORD

QUICK START GUIDE

L USER MANUAL

| LEGAL & SAFETY
INFORMATION"
B0DFDT1TWC,/Users/amankumar/Desktop/Aims/final data/images_all_scraped/B0DFDT1TWC_allsrp_img5.jpg,
B0DFDT1TWC,/Users/amankumar/Desktop/Aims/final data/images_all_scraped/B0DFDT1TWC_allsrp_img6.jpg,"S

Aig"
B0DFDT1TWC,/Users/amankumar/Desktop/Aims/final data/images_all_scraped/B0DFDT1TWC_allsrp_img7.jpg,"SOUND Vs TAGE SPAT ‘AUDIO

Introducing our new Soundstage sf a audio feature. It relea mur og
music by moving it out of your hed giving ita wider presence, so
that you feelmore immersed."
B08CHPGTSF,/Users/amankumar/Desktop/Aims/final data/images_all_scraped/B08CHPGTSF_allsrp_img1.jpg,"HEADBAND

ADJUSTABLE ‘ | in

""@ ZEBRONICS

ae

ADJUSTABLE
MIC"
B08CHPGTSF,/Users/amankumar/Desktop/Aims/final data/images_all_scraped/B08CHPGTSF_allsrp_img2.jpg,"DUAL 3.5 MM
JACK"
B08CHPGTSF,/Users/amankumar/Desktop/Aims/final data/images_all_scraped/B08CHPGTSF_allsrp_img3.jpg,"SOFT CUSHIONED
EARCUPS
=]"
B08CHPGTSF,/Users/amankumar/Desktop/Aims/final data/images_all_scraped/B08CHPGTSF_allsrp_img4.jpg,‘= PC Compatible
B08CHPGTSF,/Users/amankumar/Desktop/Aims/final data/images_all_scraped/B08CHPGTSF_allsrp_img5.jpg,"SOFT CUSHIONED
EARCUPS
ry"
B08CHPGTSF,/Users/amankumar/Desktop/Aims/final data/images_all_scraped/B08CHPGTSF_allsrp_img6.jpg,"ADDUSTABLE

HEADBAND \ |

D
SZEBRONICS

ADSUSTABLE
MIC."
B08CHPGTSF,/Users/amankumar/Desktop/Aims/final data/images_all_scraped/B08CHPGTSF_allsrp_img7.jpg,"| PC Compatible

ee
“aT

“

-

<<
con <
& rs MINS Ne

ey!
. re "".
x

te"
B0D5HJNQD9,/Users/amankumar/Desktop/Aims/final data/images_all_scraped/B0D5HJNQD9_allsrp_img1.jpg,
B0D5HJNQD9,/Users/amankumar/Desktop/Aims/final data/images_all_scraped/B0D5HJNQD9_allsrp_img2.jpg,"a Adaptive Fit Instant
No Compromise Voice Assistant:
x on Comfort

o Google & Siri

a a)

OK Google Hey Siri

ff

Easy Access Controls

Change Tracks, Stop
Music & Increase or
Decrease The Volume

Get live updates of
news, weather forecast,
cricket scores"
B0D5HJNQD9,/Users/amankumar/Desktop/Aims/final data/images_all_scraped/B0D5HJNQD9_allsrp_img3.jpg,"i A

BEAST™ Mode |
With Dedicated Button

—_"
B0D5HJNQD9,/Users/amankumar/Desktop/Aims/final data/images_all_scraped/B0D5HJNQD9_allsrp_img4.jpg,"Dual Pairing
With Bluetooth v5.2"
B0D5HJNQD9,/Users/amankumar/Desktop/Aims/final data/images_all_scraped/B0D5HJNQD9_allsrp_img5.jpg,
B0D5HJNQD9,/Users/amankumar/Desktop/Aims/final data/images_all_scraped/B0D5HJNQD9_allsrp_img6.jpg,"ENx™ Technology
Be Clearly Heard"
B0D5HJNQD9,/Users/amankumar/Desktop/Aims/final data/images_all_scraped/B0D5HJNQD9_allsrp_img7.jpg,"Iring

Dual Pa
With Bluetooth v5.2"
B0B5RL2G3S,/Users/amankumar/Desktop/Aims/final data/images_all_scraped/B0B5RL2G3S_allsrp_img1.jpg,", Ae

f Vs 4 \ es (For Lights)

Mic On/Off
Switch

Volume"
B0B5RL2G3S,/Users/amankumar/Desktop/Aims/final data/images_all_scraped/B0B5RL2G3S_allsrp_img2.jpg,"Suspension
Headband

Extra Soft
> aan Ear Cushion

Lightweight _— , _
&
Comfortable _3"
B0B5RL2G3S,/Users/amankumar/Desktop/Aims/final data/images_all_scraped/B0B5RL2G3S_allsrp_img3.jpg,
B0B5RL2G3S,/Users/amankumar/Desktop/Aims/final data/images_all_scraped/B0B5RL2G3S_allsrp_img4.jpg,"ALWAYS AHEAD N

‘E ZEBRONICS ‘

Earcups with LED Lights"
B0B5RL2G3S,/Users/amankumar/Desktop/Aims/final data/images_all_scraped/B0B5RL2G3S_allsrp_img5.jpg,"Suspension
Headband

Lightweight
&

Comfortable

Extra Soft
Ear Cushion"
B0B5RL2G3S,/Users/amankumar/Desktop/Aims/final data/images_all_scraped/B0B5RL2G3S_allsrp_img6.jpg,
B0B5RL2G3S,/Users/amankumar/Desktop/Aims/final data/images_all_scraped/B0B5RL2G3S_allsrp_img7.jpg,
B07GQD4K6L,/Users/amankumar/Desktop/Aims/final data/images_all_scraped/B07GQD4K6L_allsrp_img1.jpg,OF CRECENDO GRAVES SLPER EXTRA
B07GQD4K6L,/Users/amankumar/Desktop/Aims/final data/images_all_scraped/B07GQD4K6L_allsrp_img2.jpg,"CONTROLE

INTEGRADO

ASSISTENTE

""OK GOOGLE""

MAOS LIVRES COM
MICROFONE EM LINHA"
B07GQD4K6L,/Users/amankumar/Desktop/Aims/final data/images_all_scraped/B07GQD4K6L_allsrp_img3.jpg,"aw }
‘ /

{ COMPRIMENTO
(j DE CABO PERFEITO

COM BOLSA DE TRANSPORTE GRATUITA"
B07GQD4K6L,/Users/amankumar/Desktop/Aims/final data/images_all_scraped/B07GQD4K6L_allsrp_img4.jpg,
B07GQD4K6L,/Users/amankumar/Desktop/Aims/final data/images_all_scraped/B07GQD4K6L_allsrp_img5.jpg,"CONTROLE
TUL IRL Boas

INTEGRADO.

AOS 1

ECROFONE"
B07GQD4K6L,/Users/amankumar/Desktop/Aims/final data/images_all_scraped/B07GQD4K6L_allsrp_img6.jpg,
B07GQD4K6L,/Users/amankumar/Desktop/Aims/final data/images_all_scraped/B07GQD4K6L_allsrp_img7.jpg,"a.

‘
( ° COMPRIMENTO
(, DE CABO PERFEITO

COM BOLSA DE TRANSPORTE GRATUITA"
B0BS74M665,/Users/amankumar/Desktop/Aims/final data/images_all_scraped/B0BS74M665_allsrp_img1.jpg,"MULTIPOINT CONNECTION

Connect to two
devices at once”

4"
B0BS74M665,/Users/amankumar/Desktop/Aims/final data/images_all_scraped/B0BS74M665_allsrp_img2.jpg,
B0BS74M665,/Users/amankumar/Desktop/Aims/final data/images_all_scraped/B0BS74M665_allsrp_img3.jpg,"CRYSTAL CLEAR HANDS-FREE CALLING

Precise Voice Pickup Technology with
Beam Forming Mic’

a _ a
a a
4 a
2
ran
“ #
a
LG
fof
“ y
ad N.
f f ‘,
p¢ LN
fi yO
é f ‘ 4,
fF YON
fof \
fp \
| ! \ 4
i |
. 4 od
LA ‘ \
\ ‘ rt
, \
by i |
; i \ |
a / i
fog 1
fy
g t 1
é J
fog i
f io
é foo
, roe
ye i
if
fog
if
boy
OO.
NN ~_
x,
i f
Lo < /
KOS é
‘ a
| i i
| i i
!
T
i ‘|
1 :
\ i
if Hoy
‘ rol
KOS Vo
NOS. oe V4
\. a sy, » 4
A, _ ‘ :
_ a — NOON
yk 4
it \
| 1 1
i :
1

*Voice assist function compatible with Android smartohone (Google App) or iPhone (Siri). Bluetooth connection required."
B0BS74M665,/Users/amankumar/Desktop/Aims/final data/images_all_scraped/B0BS74M665_allsrp_img4.jpg,"ALL DAY COMFORT
Sony's lightest Wireless"
B0BS74M665,/Users/amankumar/Desktop/Aims/final data/images_all_scraped/B0BS74M665_allsrp_img5.jpg,"IN THE BOX

USB Type-C charging cable
and 3.5mm audio cable"
B0BS74M665,/Users/amankumar/Desktop/Aims/final data/images_all_scraped/B0BS74M665_allsrp_img6.jpg,
B0BS74M665,/Users/amankumar/Desktop/Aims/final data/images_all_scraped/B0BS74M665_allsrp_img7.jpg,
B08KHT2HDT,/Users/amankumar/Desktop/Aims/final data/images_all_scraped/B08KHT2HDT_allsrp_img1.jpg,
B08KHT2HDT,/Users/amankumar/Desktop/Aims/final data/images_all_scraped/B08KHT2HDT_allsrp_img2.jpg,"MAJOR IV-OH-EAR

J QUICK START GUIDE |"
B08KHT2HDT,/Users/amankumar/Desktop/Aims/final data/images_all_scraped/B08KHT2HDT_allsrp_img3.jpg,
B08KHT2HDT,/Users/amankumar/Desktop/Aims/final data/images_all_scraped/B08KHT2HDT_allsrp_img4.jpg,
B08KHT2HDT,/Users/amankumar/Desktop/Aims/final data/images_all_scraped/B08KHT2HDT_allsrp_img5.jpg,"ihitrlaadadaeee HTS
+ $0OR obese.

SE are

sere

ey) Pee ee

wRBBELrewersey reer:
POPOUCRF ET CRE FSET: -

eae eee

a eaneaee
Pe ee"
B08KHT2HDT,/Users/amankumar/Desktop/Aims/final data/images_all_scraped/B08KHT2HDT_allsrp_img6.jpg,
B08KHT2HDT,/Users/amankumar/Desktop/Aims/final data/images_all_scraped/B08KHT2HDT_allsrp_img7.jpg,
B0CVGYY9DM,/Users/amankumar/Desktop/Aims/final data/images_all_scraped/B0CVGYY9DM_allsrp_img1.jpg,"a

CALL

FUNCTION
ENC

ENVIRONMENTAL

NOISE

CANCELLATION

SUPPORTS

«VOICE
ASSISTANT

Hey Siri Google Assistant"
B0CVGYY9DM,/Users/amankumar/Desktop/Aims/final data/images_all_scraped/B0CVGYY9DM_allsrp_img2.jpg,"Micro SD Card

Volume(+) /
Next

Play / Pause

Volume(-) /
Previous

Mic

Power On/Off

AUX In"
B0CVGYY9DM,/Users/amankumar/Desktop/Aims/final data/images_all_scraped/B0CVGYY9DM_allsrp_img3.jpg,
B0CVGYY9DM,/Users/amankumar/Desktop/Aims/final data/images_all_scraped/B0CVGYY9DM_allsrp_img4.jpg,"Soft
Earcushions

Type-C Lightweight &
Charging Comfortable"
B0CVGYY9DM,/Users/amankumar/Desktop/Aims/final data/images_all_scraped/B0CVGYY9DM_allsrp_img5.jpg,"Soft Dual
Earcushions Pairing

Type-C Lightweight &
Charging Comfortable"
B0CVGYY9DM,/Users/amankumar/Desktop/Aims/final data/images_all_scraped/B0CVGYY9DM_allsrp_img6.jpg,
B0CVGYY9DM,/Users/amankumar/Desktop/Aims/final data/images_all_scraped/B0CVGYY9DM_allsrp_img7.jpg,Powerful Driver
B0C3HCD34R,/Users/amankumar/Desktop/Aims/final data/images_all_scraped/B0C3HCD34R_allsrp_img1.jpg,
B0C3HCD34R,/Users/amankumar/Desktop/Aims/final data/images_all_scraped/B0C3HCD34R_allsrp_img2.jpg,"DUAL-CONNECTION

Connect to two devices simultaneously,
and quickly switch between them."
B0C3HCD34R,/Users/amankumar/Desktop/Aims/final data/images_all_scraped/B0C3HCD34R_allsrp_img3.jpg,"HEAR THE OUTSIDE

Stay aware of your
surroundings in
Transparency mode."
B0C3HCD34R,/Users/amankumar/Desktop/Aims/final data/images_all_scraped/B0C3HCD34R_allsrp_img4.jpg,"THUMPING BASS

40mm dynamic drivers deliver Hi-Res ‘BASS
certified audio and thumping bass. rr"
B0C3HCD34R,/Users/amankumar/Desktop/Aims/final data/images_all_scraped/B0C3HCD34R_allsrp_img5.jpg,"CUSTOMIZED AUDIO

Use the soundcore app to adjust your
EQ settings and relax with white noise."
B0C3HCD34R,/Users/amankumar/Desktop/Aims/final data/images_all_scraped/B0C3HCD34R_allsrp_img6.jpg,"HEAR THE OUTSIDE ©

Stay aware of your
surroundings in
Transparency mode."
B0C3HCD34R,/Users/amankumar/Desktop/Aims/final data/images_all_scraped/B0C3HCD34R_allsrp_img7.jpg,"THUMPING BASS

40mm dynamic drivers deliver Hi-Res
certified audio and thumping bass."
B0D2HKCMBP,/Users/amankumar/Desktop/Aims/final data/images_all_scraped/B0D2HKCMBP_allsrp_img1.jpg,"Lightweight Build.
Weightless Feel.

Optimized Reduced vibration Controlled weight
squeeze

Openrun Pro 2"
B0D2HKCMBP,/Users/amankumar/Desktop/Aims/final data/images_all_scraped/B0D2HKCMBP_allsrp_img2.jpg,"What you get!

SHOKZ

, REFLECTIVE
SIRS."
B0D2HKCMBP,/Users/amankumar/Desktop/Aims/final data/images_all_scraped/B0D2HKCMBP_allsrp_img3.jpg,"Sports Headphones

Ranked First

Based on global sales""vorearne ir
Frost & Sullivan"
B0D2HKCMBP,/Users/amankumar/Desktop/Aims/final data/images_all_scraped/B0D2HKCMBP_allsrp_img4.jpg,
B0D2HKCMBP,/Users/amankumar/Desktop/Aims/final data/images_all_scraped/B0D2HKCMBP_allsrp_img5.jpg,"Wind-Resistant Mies ‘Quick Charge
Gat 25 hoursof

- playtimeins minutes

a 4 ; y

Effortiess

USB-C Charging
| Waterproof USB-C port

Longer Playtime

Upto Phoursaf playtime

Bluetooth 8.2"
B0D2HKCMBP,/Users/amankumar/Desktop/Aims/final data/images_all_scraped/B0D2HKCMBP_allsrp_img6.jpg,"Groundbreaking Tech.
Game-Changing Sound.

Dual Drivers, Rich Detail

© shokz DualPitch
a

oe
Bone conduction Air conduction
(Geer highs and natural mids Deep, powerful bass

CaN"
B0D2HKCMBP,/Users/amankumar/Desktop/Aims/final data/images_all_scraped/B0D2HKCMBP_allsrp_img7.jpg,"Choose from standard or
mini size for a seamless fit

standard 20cr%"
B0DGTT5733,/Users/amankumar/Desktop/Aims/final data/images_all_scraped/B0DGTT5733_allsrp_img1.jpg,"c
2
a)
&
rc)
Ss)
Cc
7

Adaptive

ANC"
B0DGTT5733,/Users/amankumar/Desktop/Aims/final data/images_all_scraped/B0DGTT5733_allsrp_img2.jpg,"Type - C Charging

Interface
Say we

vy

Instant
Voice Assistant

@
©"
B0DGTT5733,/Users/amankumar/Desktop/Aims/final data/images_all_scraped/B0DGTT5733_allsrp_img3.jpg,"Indoor Outdoor

1x™ Techfhology"
B0DGTT5733,/Users/amankumar/Desktop/Aims/final data/images_all_scraped/B0DGTT5733_allsrp_img4.jpg,"Ear-Canal Adaptive Noise Cancellation

Perfectly Tuned to Your Ears

i
‘7
o
ind |
Indoor Outdoor .

Office, Library & Cafe Riding, Outdoors & Driving |. ="" *~

Public

Shopping Mall & Complex

Commuting
Metro Station, Bus/Airplane"
B0DGTT5733,/Users/amankumar/Desktop/Aims/final data/images_all_scraped/B0DGTT5733_allsrp_img5.jpg,"BEAST™ Mode

Low Latency for Gaming"
B0DGTT5733,/Users/amankumar/Desktop/Aims/final data/images_all_scraped/B0DGTT5733_allsrp_img6.jpg,Foldable Earcups
B0DGTT5733,/Users/amankumar/Desktop/Aims/final data/images_all_scraped/B0DGTT5733_allsrp_img7.jpg,"AOL
STEASI UW

VERS

Mm"
B0CD1FHLMH,/Users/amankumar/Desktop/Aims/final data/images_all_scraped/B0CD1FHLMH_allsrp_img1.jpg,
B0CD1FHLMH,/Users/amankumar/Desktop/Aims/final data/images_all_scraped/B0CD1FHLMH_allsrp_img2.jpg,
B0CD1FHLMH,/Users/amankumar/Desktop/Aims/final data/images_all_scraped/B0CD1FHLMH_allsrp_img3.jpg,"LONG-LASTING
BATTERY LIFE

Playtime

Fast Charging
5 Mins = 4 Hrs"
B0CD1FHLMH,/Users/amankumar/Desktop/Aims/final data/images_all_scraped/B0CD1FHLMH_allsrp_img4.jpg,"LONG-LASTING
BATTERY LIFE

\

Playtime

Fast Charging |
5 Mins = 4 Hrs ‘"
B0CD1FHLMH,/Users/amankumar/Desktop/Aims/final data/images_all_scraped/B0CD1FHLMH_allsrp_img5.jpg,"MULTIPOINT
CONNECTION"
B0CD1FHLMH,/Users/amankumar/Desktop/Aims/final data/images_all_scraped/B0CD1FHLMH_allsrp_img6.jpg,FOLDABLE DESIGN
B0CD1FHLMH,/Users/amankumar/Desktop/Aims/final data/images_all_scraped/B0CD1FHLMH_allsrp_img7.jpg,FOLDABLE DESIGN
B0CCZ1HQ39,/Users/amankumar/Desktop/Aims/final data/images_all_scraped/B0CCZ1HQ39_allsrp_img1.jpg,
B0CCZ1HQ39,/Users/amankumar/Desktop/Aims/final data/images_all_scraped/B0CCZ1HQ39_allsrp_img2.jpg,
B0CCZ1HQ39,/Users/amankumar/Desktop/Aims/final data/images_all_scraped/B0CCZ1HQ39_allsrp_img3.jpg,
B0CCZ1HQ39,/Users/amankumar/Desktop/Aims/final data/images_all_scraped/B0CCZ1HQ39_allsrp_img4.jpg,
B0CCZ1HQ39,/Users/amankumar/Desktop/Aims/final data/images_all_scraped/B0CCZ1HQ39_allsrp_img5.jpg,
B0CCZ1HQ39,/Users/amankumar/Desktop/Aims/final data/images_all_scraped/B0CCZ1HQ39_allsrp_img6.jpg,
B0CCZ1HQ39,/Users/amankumar/Desktop/Aims/final data/images_all_scraped/B0CCZ1HQ39_allsrp_img7.jpg,
